Name, class, n, opt, gap, lb0, lb, ub0, ub, rootColCnt, totalColCnt, exploredNodeCnt, rmpCnt, pricingCnt,lb0Time, ub0Time, rmpTime, pricingTime, totalTime
N1C1W1_CL1_1_3_A.BPPFI, CL1_1_3,50,1,0,13,13,13,13,0,0,0,0,0,0.005,0.004,0,0,0.009
N1C1W1_CL1_1_3_B.BPPFI, CL1_1_3,50,1,0,14,15,15,15,0,202,1,153,153,0.004,0.004,0.056,0.038,0.196
N1C1W1_CL1_1_3_C.BPPFI, CL1_1_3,50,1,0,11,11,11,11,0,0,0,0,0,0.006,0.004,0,0,0.01
N1C1W1_CL1_1_3_D.BPPFI, CL1_1_3,50,1,0,13,13,14,13,0,49724,407,37216,37216,0.006,0.004,4.87,4.026,10.075
N1C1W1_CL1_1_3_E.BPPFI, CL1_1_3,50,1,0,13,13,13,13,0,0,0,0,0,0.005,0.003,0,0,0.009
N1C1W1_CL1_1_5_A.BPPFI, CL1_1_5,50,1,0,9,9,9,9,0,0,0,0,0,0.005,0.005,0,0,0.011
N1C1W1_CL1_1_5_B.BPPFI, CL1_1_5,50,1,0,10,10,10,10,0,0,0,0,0,0.006,0.003,0,0,0.01
N1C1W1_CL1_1_5_C.BPPFI, CL1_1_5,50,1,0,7,7,8,7,0,670793,6590,551495,551495,0.004,0.006,79.405,55.395,146.752
N1C1W1_CL1_1_5_D.BPPFI, CL1_1_5,50,1,0,9,9,9,9,0,0,0,0,0,0.004,0.004,0,0,0.009
N1C1W1_CL1_1_5_E.BPPFI, CL1_1_5,50,1,0,9,9,9,9,0,0,0,0,0,0.003,0.007,0,0,0.01
N1C1W1_CL2_1_5_A.BPPFI, CL2_1_5,50,1,0,11,11,11,11,0,0,0,0,0,0.012,0.003,0,0,0.015
N1C1W1_CL2_1_5_B.BPPFI, CL2_1_5,50,1,0,13,13,13,13,0,0,0,0,0,0.004,0.002,0,0,0.009
N1C1W1_CL2_1_5_C.BPPFI, CL2_1_5,50,1,0,10,10,10,10,0,0,0,0,0,0.006,0.005,0,0,0.011
N1C1W1_CL2_1_5_D.BPPFI, CL2_1_5,50,1,0,12,12,12,12,0,0,0,0,0,0.005,0.004,0,0,0.01
N1C1W1_CL2_1_5_E.BPPFI, CL2_1_5,50,1,0,11,11,11,11,0,0,0,0,0,0.006,0.003,0,0,0.011
N1C1W1_CL2_3_3_A.BPPFI, CL2_3_3,50,1,0,11,11,12,11,0,34300,583,25532,25532,0.005,0.004,2.622,2.056,5.443
N1C1W1_CL2_3_3_B.BPPFI, CL2_3_3,50,1,0,13,13,13,13,0,0,0,0,0,0.005,0.003,0,0,0.01
N1C1W1_CL2_3_3_C.BPPFI, CL2_3_3,50,1,0,10,10,11,10,0,3167,51,1982,1982,0.005,0.003,0.302,0.199,0.698
N1C1W1_CL2_3_3_D.BPPFI, CL2_3_3,50,1,0,12,12,12,12,0,0,0,0,0,0.005,0.002,0,0,0.008
N1C1W1_CL2_3_3_E.BPPFI, CL2_3_3,50,1,0,11,12,12,12,0,215,1,166,166,0.006,0.003,0.047,0.053,0.205
N1C1W1_CL2_3_4_A.BPPFI, CL2_3_4,50,1,0,10,10,10,10,0,0,0,0,0,0.006,0.005,0,0,0.011
N1C1W1_CL2_3_4_B.BPPFI, CL2_3_4,50,1,0,11,11,12,11,0,3489,50,2305,2305,0.006,0.004,0.394,0.309,0.916
N1C1W1_CL2_3_4_C.BPPFI, CL2_3_4,50,1,0,9,9,9,9,0,0,0,0,0,0.005,0.004,0,0,0.01
N1C1W1_CL2_3_4_D.BPPFI, CL2_3_4,50,1,0,11,11,11,11,0,0,0,0,0,0.004,0.003,0,0,0.009
N1C1W1_CL2_3_4_E.BPPFI, CL2_3_4,50,1,0,10,10,11,10,0,4624,51,3340,3340,0.006,0.004,0.506,0.425,1.153
N1C1W2_CL1_1_3_A.BPPFI, CL1_1_3,50,1,0,13,14,14,14,0,214,1,165,165,0.007,0.005,0.057,0.041,0.218
N1C1W2_CL1_1_3_B.BPPFI, CL1_1_3,50,1,0,14,15,15,15,0,181,1,132,132,0.006,0.004,0.042,0.069,0.268
N1C1W2_CL1_1_3_C.BPPFI, CL1_1_3,50,1,0,16,16,16,16,0,0,0,0,0,0.005,0.002,0,0,0.008
N1C1W2_CL1_1_3_D.BPPFI, CL1_1_3,50,1,0,15,15,15,15,0,0,0,0,0,0.005,0.004,0,0,0.01
N1C1W2_CL1_1_3_E.BPPFI, CL1_1_3,50,1,0,16,17,17,17,0,194,1,145,145,0.005,0.003,0.045,0.031,0.169
N1C1W2_CL1_1_5_A.BPPFI, CL1_1_5,50,1,0,9,9,10,9,0,6590,65,4993,4993,0.006,0.004,0.906,0.806,1.974
N1C1W2_CL1_1_5_B.BPPFI, CL1_1_5,50,1,0,10,10,11,10,0,3888,50,2627,2627,0.005,0.004,0.436,0.391,1.037
N1C1W2_CL1_1_5_C.BPPFI, CL1_1_5,50,1,0,11,11,11,11,0,0,0,0,0,0.006,0.004,0,0,0.01
N1C1W2_CL1_1_5_D.BPPFI, CL1_1_5,50,1,0,10,10,10,10,0,0,0,0,0,0.006,0.004,0,0,0.01
N1C1W2_CL1_1_5_E.BPPFI, CL1_1_5,50,1,0,11,11,12,11,0,10995,105,8384,8384,0.005,0.005,1.183,1.228,2.772
N1C1W2_CL2_1_5_A.BPPFI, CL2_1_5,50,1,0,12,12,12,12,0,0,0,0,0,0.004,0.003,0,0,0.008
N1C1W2_CL2_1_5_B.BPPFI, CL2_1_5,50,1,0,12,13,13,13,0,214,1,165,165,0.005,0.004,0.055,0.028,0.182
N1C1W2_CL2_1_5_C.BPPFI, CL2_1_5,50,1,0,13,14,14,14,0,121362,1126,88536,88536,0.006,0.003,11.011,9.196,22.268
N1C1W2_CL2_1_5_D.BPPFI, CL2_1_5,50,1,0,13,13,13,13,0,0,0,0,0,0.005,0.004,0,0,0.01
N1C1W2_CL2_1_5_E.BPPFI, CL2_1_5,50,1,0,14,14,14,14,0,0,0,0,0,0.005,0.003,0,0,0.009
N1C1W2_CL2_3_3_A.BPPFI, CL2_3_3,50,1,0,12,12,12,12,0,0,0,0,0,0.006,0.003,0,0,0.01
N1C1W2_CL2_3_3_B.BPPFI, CL2_3_3,50,1,0,12,13,13,13,0,213,1,164,164,0.004,0.003,0.048,0.039,0.186
N1C1W2_CL2_3_3_C.BPPFI, CL2_3_3,50,1,0,14,14,14,14,0,0,0,0,0,0.005,0.003,0,0,0.009
N1C1W2_CL2_3_3_D.BPPFI, CL2_3_3,50,1,0,13,13,13,13,0,0,0,0,0,0.005,0.004,0,0,0.009
N1C1W2_CL2_3_3_E.BPPFI, CL2_3_3,50,1,0,13,14,14,14,0,191,1,142,142,0.005,0.004,0.037,0.036,0.18
N1C1W2_CL2_3_4_A.BPPFI, CL2_3_4,50,1,0,11,11,11,11,0,0,0,0,0,0.004,0.004,0,0,0.009
N1C1W2_CL2_3_4_B.BPPFI, CL2_3_4,50,1,0,11,11,11,11,0,0,0,0,0,0.005,0.004,0,0,0.009
N1C1W2_CL2_3_4_C.BPPFI, CL2_3_4,50,1,0,12,12,12,12,0,0,0,0,0,0.005,0.004,0,0,0.01
N1C1W2_CL2_3_4_D.BPPFI, CL2_3_4,50,1,0,11,11,12,11,0,35352,344,27039,27039,0.005,0.004,3.37,3.169,7.331
N1C1W2_CL2_3_4_E.BPPFI, CL2_3_4,50,1,0,12,12,12,12,0,0,0,0,0,0.006,0.004,0,0,0.01
N1C1W4_CL1_1_3_A.BPPFI, CL1_1_3,50,1,0,16,16,16,16,0,0,0,0,0,0.006,0.004,0,0,0.011
N1C1W4_CL1_1_3_B.BPPFI, CL1_1_3,50,1,0,17,18,18,18,0,162,1,113,113,0.005,0.002,0.032,0.025,0.157
N1C1W4_CL1_1_3_C.BPPFI, CL1_1_3,50,1,0,16,16,16,16,0,0,0,0,0,0.005,0.004,0,0,0.01
N1C1W4_CL1_1_3_D.BPPFI, CL1_1_3,50,1,0,17,17,18,17,0,375550,4486,271684,271684,0.005,0.004,27.793,19.623,53.096
N1C1W4_CL1_1_3_E.BPPFI, CL1_1_3,50,1,0,17,17,17,17,0,0,0,0,0,0.005,0.004,0,0,0.01
N1C1W4_CL1_1_5_A.BPPFI, CL1_1_5,50,1,0,11,11,11,11,0,0,0,0,0,0.007,0.004,0,0,0.011
N1C1W4_CL1_1_5_B.BPPFI, CL1_1_5,50,1,0,12,12,12,12,0,0,0,0,0,0.007,0.004,0,0,0.011
N1C1W4_CL1_1_5_C.BPPFI, CL1_1_5,50,1,0,11,11,11,11,0,0,0,0,0,0.007,0.003,0,0,0.01
N1C1W4_CL1_1_5_D.BPPFI, CL1_1_5,50,1,0,12,12,12,12,0,0,0,0,0,0.006,0.004,0,0,0.011
N1C1W4_CL1_1_5_E.BPPFI, CL1_1_5,50,1,0,11,12,12,12,0,14841,110,11530,11530,0.006,0.004,2.049,2.262,4.759
N1C1W4_CL2_1_5_A.BPPFI, CL2_1_5,50,1,0,13,14,14,14,0,2386,17,1771,1771,0.005,0.003,0.359,0.256,0.789
N1C1W4_CL2_1_5_B.BPPFI, CL2_1_5,50,1,0,14,14,14,14,0,0,0,0,0,0.005,0.003,0,0,0.009
N1C1W4_CL2_1_5_C.BPPFI, CL2_1_5,50,1,0,13,13,14,13,0,5163,62,3703,3703,0.004,0.004,0.488,0.389,1.101
N1C1W4_CL2_1_5_D.BPPFI, CL2_1_5,50,1,0,14,14,15,14,0,165178,5917,113478,113478,0.006,0.004,7.456,5.745,16.244
N1C1W4_CL2_1_5_E.BPPFI, CL2_1_5,50,1,0,14,14,14,14,0,0,0,0,0,0.005,0.003,0,0,0.009
N1C1W4_CL2_3_3_A.BPPFI, CL2_3_3,50,1,0,13,13,13,13,0,0,0,0,0,0.006,0.002,0,0,0.009
N1C1W4_CL2_3_3_B.BPPFI, CL2_3_3,50,1,0,14,14,14,14,0,0,0,0,0,0.006,0.004,0,0,0.01
N1C1W4_CL2_3_3_C.BPPFI, CL2_3_3,50,1,0,13,13,13,13,0,0,0,0,0,0.006,0.003,0,0,0.011
N1C1W4_CL2_3_3_D.BPPFI, CL2_3_3,50,1,0,14,15,15,15,0,168,1,119,119,0.006,0.003,0.031,0.033,0.163
N1C1W4_CL2_3_3_E.BPPFI, CL2_3_3,50,1,0,14,14,15,14,0,8298,210,5735,5735,0.003,0.003,0.548,0.433,1.298
N1C1W4_CL2_3_4_A.BPPFI, CL2_3_4,50,1,0,12,12,12,12,0,0,0,0,0,0.004,0.004,0,0,0.009
N1C1W4_CL2_3_4_B.BPPFI, CL2_3_4,50,1,0,12,13,13,13,0,172213,1408,129025,129025,0.005,0.004,19.052,15.577,37.54
N1C1W4_CL2_3_4_C.BPPFI, CL2_3_4,50,1,0,12,12,12,12,0,0,0,0,0,0.008,0.005,0,0,0.013
N1C1W4_CL2_3_4_D.BPPFI, CL2_3_4,50,1,0,12,13,13,13,0,197,1,148,148,0.006,0.003,0.04,0.043,0.189
N1C1W4_CL2_3_4_E.BPPFI, CL2_3_4,50,1,0,12,13,13,13,0,211,1,162,162,0.004,0.004,0.055,0.049,0.21
N1C2W1_CL1_1_3_A.BPPFI, CL1_1_3,50,1,0,11,11,11,11,0,0,0,0,0,0.006,0.003,0,0,0.009
N1C2W1_CL1_1_3_B.BPPFI, CL1_1_3,50,1,0,12,13,13,13,0,215,1,166,166,0.005,0.003,0.058,0.044,0.198
N1C2W1_CL1_1_3_C.BPPFI, CL1_1_3,50,1,0,12,12,12,12,0,0,0,0,0,0.005,0.004,0,0,0.01
N1C2W1_CL1_1_3_D.BPPFI, CL1_1_3,50,1,0,11,12,12,12,0,204215,1712,157254,157254,0.006,0.003,21.932,15.498,40.861
N1C2W1_CL1_1_3_E.BPPFI, CL1_1_3,50,1,0,9,10,10,10,0,292,1,243,243,0.007,0.004,0.083,0.074,0.268
N1C2W1_CL1_1_5_A.BPPFI, CL1_1_5,50,1,0,7,7,8,7,0,5298,52,4069,4069,0.005,0.005,0.745,0.68,1.679
N1C2W1_CL1_1_5_B.BPPFI, CL1_1_5,50,1,0,9,9,9,9,0,0,0,0,0,0.005,0.005,0,0,0.011
N1C2W1_CL1_1_5_C.BPPFI, CL1_1_5,50,1,0,8,8,8,8,0,0,0,0,0,0.006,0.005,0,0,0.011
N1C2W1_CL1_1_5_D.BPPFI, CL1_1_5,50,1,0,8,8,8,8,0,0,0,0,0,0.005,0.004,0,0,0.01
N1C2W1_CL1_1_5_E.BPPFI, CL1_1_5,50,1,0,7,7,7,7,0,0,0,0,0,0.005,0.005,0,0,0.012
N1C2W1_CL2_1_5_A.BPPFI, CL2_1_5,50,1,0,10,10,10,10,0,0,0,0,0,0.004,0.004,0,0,0.009
N1C2W1_CL2_1_5_B.BPPFI, CL2_1_5,50,1,0,11,11,11,11,0,0,0,0,0,0.005,0.004,0,0,0.01
N1C2W1_CL2_1_5_C.BPPFI, CL2_1_5,50,1,0,11,11,11,11,0,0,0,0,0,0.005,0.004,0,0,0.009
N1C2W1_CL2_1_5_D.BPPFI, CL2_1_5,50,1,0,10,10,11,10,0,10208,112,7803,7803,0.007,0.005,1.091,0.881,2.324
N1C2W1_CL2_1_5_E.BPPFI, CL2_1_5,50,1,0,9,9,9,9,0,0,0,0,0,0.005,0.003,0,0,0.01
N1C2W1_CL2_3_3_A.BPPFI, CL2_3_3,50,1,0,10,10,10,10,0,0,0,0,0,0.006,0.003,0,0,0.009
N1C2W1_CL2_3_3_B.BPPFI, CL2_3_3,50,1,0,11,11,11,11,0,0,0,0,0,0.005,0.004,0,0,0.01
N1C2W1_CL2_3_3_C.BPPFI, CL2_3_3,50,1,0,11,11,11,11,0,0,0,0,0,0.006,0.004,0,0,0.01
N1C2W1_CL2_3_3_D.BPPFI, CL2_3_3,50,1,0,11,11,11,11,0,0,0,0,0,0.006,0.004,0,0,0.011
N1C2W1_CL2_3_3_E.BPPFI, CL2_3_3,50,1,0,9,9,9,9,0,0,0,0,0,0.005,0.004,0,0,0.01
N1C2W1_CL2_3_4_A.BPPFI, CL2_3_4,50,1,0,9,9,9,9,0,0,0,0,0,0.006,0.004,0,0,0.01
N1C2W1_CL2_3_4_B.BPPFI, CL2_3_4,50,1,0,10,10,10,10,0,0,0,0,0,0.006,0.005,0,0,0.011
N1C2W1_CL2_3_4_C.BPPFI, CL2_3_4,50,1,0,10,10,10,10,0,0,0,0,0,0.006,0.004,0,0,0.01
N1C2W1_CL2_3_4_D.BPPFI, CL2_3_4,50,1,0,10,10,10,10,0,0,0,0,0,0.005,0.003,0,0,0.009
N1C2W1_CL2_3_4_E.BPPFI, CL2_3_4,50,1,0,8,8,8,8,0,0,0,0,0,0.006,0.004,0,0,0.01
N1C2W2_CL1_1_3_A.BPPFI, CL1_1_3,50,1,0,13,13,13,13,0,0,0,0,0,0.007,0.005,0,0,0.013
N1C2W2_CL1_1_3_B.BPPFI, CL1_1_3,50,1,0,14,14,14,14,0,0,0,0,0,0.006,0.004,0,0,0.011
N1C2W2_CL1_1_3_C.BPPFI, CL1_1_3,50,1,0,14,14,14,14,0,0,0,0,0,0.006,0.004,0,0,0.011
N1C2W2_CL1_1_3_D.BPPFI, CL1_1_3,50,1,0,13,13,13,13,0,0,0,0,0,0.005,0.004,0,0,0.011
N1C2W2_CL1_1_3_E.BPPFI, CL1_1_3,50,1,0,15,15,16,15,0,5932,79,4243,4243,0.005,0.003,0.559,0.464,1.279
N1C2W2_CL1_1_5_A.BPPFI, CL1_1_5,50,1,0,9,9,9,9,0,0,0,0,0,0.005,0.003,0,0,0.011
N1C2W2_CL1_1_5_B.BPPFI, CL1_1_5,50,1,0,9,10,10,10,0,814,8,622,622,0.006,0.006,0.184,0.17,0.511
N1C2W2_CL1_1_5_C.BPPFI, CL1_1_5,50,1,0,10,10,10,10,0,0,0,0,0,0.006,0.005,0,0,0.011
N1C2W2_CL1_1_5_D.BPPFI, CL1_1_5,50,1,0,9,9,9,9,0,0,0,0,0,0.006,0.005,0,0,0.011
N1C2W2_CL1_1_5_E.BPPFI, CL1_1_5,50,1,0,10,10,10,10,0,0,0,0,0,0.005,0.005,0,0,0.012
N1C2W2_CL2_1_5_A.BPPFI, CL2_1_5,50,1,0,11,11,12,11,0,4317,52,3025,3025,0.005,0.004,0.395,0.365,0.98
N1C2W2_CL2_1_5_B.BPPFI, CL2_1_5,50,1,0,12,12,12,12,0,0,0,0,0,0.006,0.004,0,0,0.011
N1C2W2_CL2_1_5_C.BPPFI, CL2_1_5,50,1,0,12,12,13,12,0,11466,122,8398,8398,0.004,0.003,1.183,1.046,2.602
N1C2W2_CL2_1_5_D.BPPFI, CL2_1_5,50,1,0,11,11,11,11,0,0,0,0,0,0.006,0.004,0,0,0.01
N1C2W2_CL2_1_5_E.BPPFI, CL2_1_5,50,1,0,13,13,13,13,0,0,0,0,0,0.005,0.004,0,0,0.01
N1C2W2_CL2_3_3_A.BPPFI, CL2_3_3,50,1,0,11,12,12,12,0,128475,1158,98413,98413,0.007,0.005,14.996,11.247,28.595
N1C2W2_CL2_3_3_B.BPPFI, CL2_3_3,50,1,0,12,12,12,12,0,0,0,0,0,0.007,0.005,0,0,0.012
N1C2W2_CL2_3_3_C.BPPFI, CL2_3_3,50,1,0,12,12,12,12,0,0,0,0,0,0.007,0.004,0,0,0.013
N1C2W2_CL2_3_3_D.BPPFI, CL2_3_3,50,1,0,11,12,12,12,0,682081,6133,525353,525353,0.007,0.004,68.942,46.009,125.188
N1C2W2_CL2_3_3_E.BPPFI, CL2_3_3,50,1,0,13,13,13,13,0,0,0,0,0,0.006,0.004,0,0,0.011
N1C2W2_CL2_3_4_A.BPPFI, CL2_3_4,50,1,0,10,10,10,10,0,0,0,0,0,0.004,0.005,0,0,0.01
N1C2W2_CL2_3_4_B.BPPFI, CL2_3_4,50,1,0,11,11,11,11,0,0,0,0,0,0.005,0.004,0,0,0.009
N1C2W2_CL2_3_4_C.BPPFI, CL2_3_4,50,1,0,11,11,11,11,0,0,0,0,0,0.005,0.005,0,0,0.011
N1C2W2_CL2_3_4_D.BPPFI, CL2_3_4,50,1,0,10,10,10,10,0,0,0,0,0,0.006,0.004,0,0,0.011
N1C2W2_CL2_3_4_E.BPPFI, CL2_3_4,50,0,0.083333333,11,11,12,12,0,20203373,203691,15582554,15582554,0.006,0.004,1890.057,1424.638,3600.006
N1C2W4_CL1_1_3_A.BPPFI, CL1_1_3,50,1,0,14,15,15,15,0,197,1,148,148,0.005,0.004,0.048,0.056,0.257
N1C2W4_CL1_1_3_B.BPPFI, CL1_1_3,50,1,0,15,15,15,15,0,0,0,0,0,0.005,0.003,0,0,0.009
N1C2W4_CL1_1_3_C.BPPFI, CL1_1_3,50,1,0,14,15,15,15,0,196,1,147,147,0.006,0.003,0.048,0.061,0.223
N1C2W4_CL1_1_3_D.BPPFI, CL1_1_3,50,1,0,14,14,14,14,0,0,0,0,0,0.005,0.004,0,0,0.01
N1C2W4_CL1_1_3_E.BPPFI, CL1_1_3,50,1,0,15,15,15,15,0,0,0,0,0,0.005,0.004,0,0,0.01
N1C2W4_CL1_1_5_A.BPPFI, CL1_1_5,50,1,0,10,10,10,10,0,0,0,0,0,0.006,0.005,0,0,0.012
N1C2W4_CL1_1_5_B.BPPFI, CL1_1_5,50,1,0,10,10,10,10,0,0,0,0,0,0.006,0.005,0,0,0.011
N1C2W4_CL1_1_5_C.BPPFI, CL1_1_5,50,1,0,10,10,10,10,0,0,0,0,0,0.006,0.005,0,0,0.014
N1C2W4_CL1_1_5_D.BPPFI, CL1_1_5,50,1,0,9,9,9,9,0,0,0,0,0,0.006,0.004,0,0,0.011
N1C2W4_CL1_1_5_E.BPPFI, CL1_1_5,50,1,0,10,10,10,10,0,0,0,0,0,0.006,0.004,0,0,0.012
N1C2W4_CL2_1_5_A.BPPFI, CL2_1_5,50,1,0,12,13,13,13,0,163785,1285,125326,125326,0.006,0.004,17.043,13.462,33.262
N1C2W4_CL2_1_5_B.BPPFI, CL2_1_5,50,1,0,12,13,13,13,0,187,1,138,138,0.006,0.003,0.057,0.036,0.197
N1C2W4_CL2_1_5_C.BPPFI, CL2_1_5,50,1,0,12,13,13,13,0,5072,38,3747,3747,0.005,0.005,0.735,0.645,1.635
N1C2W4_CL2_1_5_D.BPPFI, CL2_1_5,50,1,0,12,12,12,12,0,0,0,0,0,0.005,0.004,0,0,0.009
N1C2W4_CL2_1_5_E.BPPFI, CL2_1_5,50,1,0,12,13,13,13,0,196,1,147,147,0.006,0.004,0.058,0.043,0.204
N1C2W4_CL2_3_3_A.BPPFI, CL2_3_3,50,1,0,12,12,12,12,0,0,0,0,0,0.005,0.004,0,0,0.009
N1C2W4_CL2_3_3_B.BPPFI, CL2_3_3,50,1,0,12,13,13,13,0,980,6,739,739,0.004,0.004,0.21,0.116,0.471
N1C2W4_CL2_3_3_C.BPPFI, CL2_3_3,50,1,0,12,12,12,12,0,0,0,0,0,0.006,0.005,0,0,0.012
N1C2W4_CL2_3_3_D.BPPFI, CL2_3_3,50,1,0,12,12,12,12,0,0,0,0,0,0.005,0.002,0,0,0.008
N1C2W4_CL2_3_3_E.BPPFI, CL2_3_3,50,1,0,12,13,13,13,0,240263,2004,182135,182135,0.006,0.004,24.814,18.897,47.584
N1C2W4_CL2_3_4_A.BPPFI, CL2_3_4,50,1,0,11,11,11,11,0,0,0,0,0,0.005,0.003,0,0,0.008
N1C2W4_CL2_3_4_B.BPPFI, CL2_3_4,50,1,0,11,11,11,11,0,0,0,0,0,0.006,0.003,0,0,0.009
N1C2W4_CL2_3_4_C.BPPFI, CL2_3_4,50,1,0,11,11,11,11,0,0,0,0,0,0.006,0.005,0,0,0.013
N1C2W4_CL2_3_4_D.BPPFI, CL2_3_4,50,1,0,11,11,11,11,0,0,0,0,0,0.004,0.004,0,0,0.009
N1C2W4_CL2_3_4_E.BPPFI, CL2_3_4,50,1,0,11,11,11,11,0,0,0,0,0,0.006,0.004,0,0,0.011
N1C3W1_CL1_1_3_A.BPPFI, CL1_1_3,50,1,0,9,9,10,9,0,196303,1599,154821,154821,0.005,0.003,21.437,16.798,41.606
N1C3W1_CL1_1_3_B.BPPFI, CL1_1_3,50,1,0,9,9,9,9,0,0,0,0,0,0.004,0.005,0,0,0.011
N1C3W1_CL1_1_3_C.BPPFI, CL1_1_3,50,1,0,10,10,10,10,0,0,0,0,0,0.006,0.004,0,0,0.011
N1C3W1_CL1_1_3_D.BPPFI, CL1_1_3,50,1,0,11,11,11,11,0,0,0,0,0,0.005,0.002,0,0,0.009
N1C3W1_CL1_1_3_E.BPPFI, CL1_1_3,50,1,0,9,9,9,9,0,0,0,0,0,0.005,0.004,0,0,0.01
N1C3W1_CL1_1_5_A.BPPFI, CL1_1_5,50,1,0,6,6,7,6,0,5297,50,4093,4093,0.006,0.004,0.827,0.9,1.985
N1C3W1_CL1_1_5_B.BPPFI, CL1_1_5,50,1,0,6,6,6,6,0,0,0,0,0,0.005,0.003,0,0,0.009
N1C3W1_CL1_1_5_C.BPPFI, CL1_1_5,50,1,0,7,7,7,7,0,0,0,0,0,0.004,0.005,0,0,0.01
N1C3W1_CL1_1_5_D.BPPFI, CL1_1_5,50,1,0,7,7,7,7,0,0,0,0,0,0.006,0.006,0,0,0.013
N1C3W1_CL1_1_5_E.BPPFI, CL1_1_5,50,1,0,6,6,6,6,0,0,0,0,0,0.006,0.004,0,0,0.012
N1C3W1_CL2_1_5_A.BPPFI, CL2_1_5,50,1,0,9,9,9,9,0,0,0,0,0,0.003,0.004,0,0,0.008
N1C3W1_CL2_1_5_B.BPPFI, CL2_1_5,50,1,0,9,9,9,9,0,0,0,0,0,0.005,0.003,0,0,0.009
N1C3W1_CL2_1_5_C.BPPFI, CL2_1_5,50,1,0,9,10,10,10,0,2516,22,1978,1978,0.004,0.004,0.412,0.362,0.942
N1C3W1_CL2_1_5_D.BPPFI, CL2_1_5,50,1,0,10,10,10,10,0,0,0,0,0,0.005,0.003,0,0,0.01
N1C3W1_CL2_1_5_E.BPPFI, CL2_1_5,50,1,0,9,9,9,9,0,0,0,0,0,0.005,0.003,0,0,0.009
N1C3W1_CL2_3_3_A.BPPFI, CL2_3_3,50,1,0,9,9,9,9,0,0,0,0,0,0.005,0.004,0,0,0.009
N1C3W1_CL2_3_3_B.BPPFI, CL2_3_3,50,1,0,9,9,10,9,0,2418010,22316,1904281,1904281,0.005,0.004,256.536,182.47,476.881
N1C3W1_CL2_3_3_C.BPPFI, CL2_3_3,50,1,0,10,10,10,10,0,0,0,0,0,0.007,0.005,0,0,0.013
N1C3W1_CL2_3_3_D.BPPFI, CL2_3_3,50,1,0,10,10,10,10,0,0,0,0,0,0.004,0.004,0,0,0.009
N1C3W1_CL2_3_3_E.BPPFI, CL2_3_3,50,1,0,9,9,9,9,0,0,0,0,0,0.006,0.004,0,0,0.012
N1C3W1_CL2_3_4_A.BPPFI, CL2_3_4,50,1,0,8,8,8,8,0,0,0,0,0,0.005,0.004,0,0,0.01
N1C3W1_CL2_3_4_B.BPPFI, CL2_3_4,50,1,0,8,8,8,8,0,0,0,0,0,0.005,0.004,0,0,0.009
N1C3W1_CL2_3_4_C.BPPFI, CL2_3_4,50,1,0,9,9,9,9,0,0,0,0,0,0.006,0.005,0,0,0.012
N1C3W1_CL2_3_4_D.BPPFI, CL2_3_4,50,1,0,9,9,9,9,0,0,0,0,0,0.006,0.005,0,0,0.012
N1C3W1_CL2_3_4_E.BPPFI, CL2_3_4,50,1,0,8,8,8,8,0,0,0,0,0,0.004,0.004,0,0,0.01
N1C3W2_CL1_1_3_A.BPPFI, CL1_1_3,50,1,0,11,11,11,11,0,0,0,0,0,0.005,0.004,0,0,0.01
N1C3W2_CL1_1_3_B.BPPFI, CL1_1_3,50,1,0,11,12,12,12,0,6563,48,5128,5128,0.004,0.005,0.977,0.982,2.264
N1C3W2_CL1_1_3_C.BPPFI, CL1_1_3,50,1,0,12,12,13,12,0,4101,50,2825,2825,0.004,0.004,0.501,0.435,1.174
N1C3W2_CL1_1_3_D.BPPFI, CL1_1_3,50,1,0,11,12,12,12,0,120524,951,93869,93869,0.005,0.005,15.564,12.975,30.799
N1C3W2_CL1_1_3_E.BPPFI, CL1_1_3,50,1,0,12,12,12,12,0,0,0,0,0,0.006,0.004,0,0,0.012
N1C3W2_CL1_1_5_A.BPPFI, CL1_1_5,50,1,0,7,7,7,7,0,0,0,0,0,0.004,0.004,0,0,0.009
N1C3W2_CL1_1_5_B.BPPFI, CL1_1_5,50,1,0,8,8,8,8,0,0,0,0,0,0.006,0.005,0,0,0.011
N1C3W2_CL1_1_5_C.BPPFI, CL1_1_5,50,1,0,8,8,8,8,0,0,0,0,0,0.004,0.006,0,0,0.01
N1C3W2_CL1_1_5_D.BPPFI, CL1_1_5,50,1,0,8,8,8,8,0,0,0,0,0,0.005,0.005,0,0,0.012
N1C3W2_CL1_1_5_E.BPPFI, CL1_1_5,50,1,0,8,8,8,8,0,0,0,0,0,0.005,0.005,0,0,0.013
N1C3W2_CL2_1_5_A.BPPFI, CL2_1_5,50,1,0,10,10,10,10,0,0,0,0,0,0.005,0.005,0,0,0.01
N1C3W2_CL2_1_5_B.BPPFI, CL2_1_5,50,1,0,10,11,11,11,0,263610,2323,206390,206390,0.005,0.005,28.899,22.778,56.003
N1C3W2_CL2_1_5_C.BPPFI, CL2_1_5,50,1,0,11,11,11,11,0,0,0,0,0,0.005,0.004,0,0,0.009
N1C3W2_CL2_1_5_D.BPPFI, CL2_1_5,50,1,0,10,11,11,11,0,57426,550,44496,44496,0.006,0.005,6.662,6.906,14.82
N1C3W2_CL2_1_5_E.BPPFI, CL2_1_5,50,1,0,11,11,11,11,0,0,0,0,0,0.006,0.005,0,0,0.012
N1C3W2_CL2_3_3_A.BPPFI, CL2_3_3,50,1,0,10,10,10,10,0,0,0,0,0,0.006,0.004,0,0,0.011
N1C3W2_CL2_3_3_B.BPPFI, CL2_3_3,50,1,0,10,11,11,11,0,20003,130,15716,15716,0.005,0.004,2.925,2.8,6.294
N1C3W2_CL2_3_3_C.BPPFI, CL2_3_3,50,1,0,11,11,11,11,0,0,0,0,0,0.005,0.004,0,0,0.011
N1C3W2_CL2_3_3_D.BPPFI, CL2_3_3,50,1,0,10,10,11,10,0,5380,58,4107,4107,0.006,0.004,0.692,0.587,1.566
N1C3W2_CL2_3_3_E.BPPFI, CL2_3_3,50,1,0,11,11,11,11,0,0,0,0,0,0.006,0.004,0,0,0.011
N1C3W2_CL2_3_4_A.BPPFI, CL2_3_4,50,1,0,9,9,9,9,0,0,0,0,0,0.005,0.005,0,0,0.011
N1C3W2_CL2_3_4_B.BPPFI, CL2_3_4,50,1,0,9,9,9,9,0,0,0,0,0,0.006,0.007,0,0,0.014
N1C3W2_CL2_3_4_C.BPPFI, CL2_3_4,50,1,0,10,10,10,10,0,0,0,0,0,0.005,0.005,0,0,0.01
N1C3W2_CL2_3_4_D.BPPFI, CL2_3_4,50,1,0,9,9,10,9,0,5194,50,3959,3959,0.005,0.005,0.708,0.746,1.701
N1C3W2_CL2_3_4_E.BPPFI, CL2_3_4,50,1,0,10,10,10,10,0,0,0,0,0,0.006,0.006,0,0,0.012
N1C3W4_CL1_1_3_A.BPPFI, CL1_1_3,50,1,0,12,12,12,12,0,0,0,0,0,0.005,0.004,0,0,0.011
N1C3W4_CL1_1_3_B.BPPFI, CL1_1_3,50,1,0,12,12,13,12,0,54473,532,41723,41723,0.005,0.003,5.819,6.081,13.055
N1C3W4_CL1_1_3_C.BPPFI, CL1_1_3,50,1,0,13,13,13,13,0,0,0,0,0,0.006,0.003,0,0,0.01
N1C3W4_CL1_1_3_D.BPPFI, CL1_1_3,50,1,0,12,12,12,12,0,0,0,0,0,0.007,0.005,0,0,0.013
N1C3W4_CL1_1_3_E.BPPFI, CL1_1_3,50,1,0,12,13,13,13,0,200,1,151,151,0.006,0.004,0.051,0.05,0.21
N1C3W4_CL1_1_5_A.BPPFI, CL1_1_5,50,1,0,8,8,8,8,0,0,0,0,0,0.006,0.005,0,0,0.011
N1C3W4_CL1_1_5_B.BPPFI, CL1_1_5,50,1,0,8,8,9,8,0,4364,50,3120,3120,0.004,0.005,0.539,0.735,1.494
N1C3W4_CL1_1_5_C.BPPFI, CL1_1_5,50,1,0,9,9,9,9,0,0,0,0,0,0.006,0.005,0,0,0.012
N1C3W4_CL1_1_5_D.BPPFI, CL1_1_5,50,1,0,8,8,8,8,0,0,0,0,0,0.005,0.006,0,0,0.012
N1C3W4_CL1_1_5_E.BPPFI, CL1_1_5,50,1,0,9,9,9,9,0,0,0,0,0,0.006,0.005,0,0,0.012
N1C3W4_CL2_1_5_A.BPPFI, CL2_1_5,50,1,0,11,11,11,11,0,0,0,0,0,0.005,0.005,0,0,0.011
N1C3W4_CL2_1_5_B.BPPFI, CL2_1_5,50,1,0,11,11,11,11,0,0,0,0,0,0.005,0.004,0,0,0.009
N1C3W4_CL2_1_5_C.BPPFI, CL2_1_5,50,1,0,11,12,12,12,0,207,1,158,158,0.005,0.003,0.048,0.049,0.204
N1C3W4_CL2_1_5_D.BPPFI, CL2_1_5,50,1,0,11,11,11,11,0,0,0,0,0,0.006,0.005,0,0,0.012
N1C3W4_CL2_1_5_E.BPPFI, CL2_1_5,50,1,0,11,11,11,11,0,0,0,0,0,0.006,0,0,0,0.006
N1C3W4_CL2_3_3_A.BPPFI, CL2_3_3,50,1,0,11,11,11,11,0,0,0,0,0,0.006,0.004,0,0,0.01
N1C3W4_CL2_3_3_B.BPPFI, CL2_3_3,50,1,0,11,11,11,11,0,0,0,0,0,0.006,0.004,0,0,0.012
N1C3W4_CL2_3_3_C.BPPFI, CL2_3_3,50,1,0,11,12,12,12,0,3218,20,2479,2479,0.004,0.004,0.505,0.533,1.239
N1C3W4_CL2_3_3_D.BPPFI, CL2_3_3,50,1,0,11,11,11,11,0,0,0,0,0,0.005,0.004,0,0,0.01
N1C3W4_CL2_3_3_E.BPPFI, CL2_3_3,50,1,0,11,11,11,11,0,0,0,0,0,0.005,0.004,0,0,0.011
N1C3W4_CL2_3_4_A.BPPFI, CL2_3_4,50,1,0,10,10,10,10,0,0,0,0,0,0.005,0.005,0,0,0.011
N1C3W4_CL2_3_4_B.BPPFI, CL2_3_4,50,1,0,10,10,10,10,0,0,0,0,0,0.006,0.005,0,0,0.011
N1C3W4_CL2_3_4_C.BPPFI, CL2_3_4,50,1,0,10,10,10,10,0,0,0,0,0,0.005,0.004,0,0,0.01
N1C3W4_CL2_3_4_D.BPPFI, CL2_3_4,50,1,0,10,10,10,10,0,0,0,0,0,0.006,0.005,0,0,0.012
N1C3W4_CL2_3_4_E.BPPFI, CL2_3_4,50,1,0,10,10,10,10,0,0,0,0,0,0.005,0.004,0,0,0.009
N2C1W1_CL1_1_3_A.BPPFI, CL1_1_3,100,0,0.041666667,23,23,24,24,0,13221313,64071,10759690,10759690,0.005,0.009,2254.93,1146.38,3600
N2C1W1_CL1_1_3_B.BPPFI, CL1_1_3,100,1,0,24,24,24,24,0,0,0,0,0,0.005,0.011,0,0,0.017
N2C1W1_CL1_1_3_C.BPPFI, CL1_1_3,100,1,0,22,23,23,23,0,550,1,451,451,0.005,0.01,0.23,0.163,0.516
N2C1W1_CL1_1_3_D.BPPFI, CL1_1_3,100,1,0,24,24,24,24,0,0,0,0,0,0.005,0.009,0,0,0.015
N2C1W1_CL1_1_3_E.BPPFI, CL1_1_3,100,1,0,27,27,27,27,0,0,0,0,0,0.006,0.008,0,0,0.015
N2C1W1_CL1_1_5_A.BPPFI, CL1_1_5,100,1,0,16,16,16,16,0,0,0,0,0,0.006,0.011,0,0,0.017
N2C1W1_CL1_1_5_B.BPPFI, CL1_1_5,100,1,0,16,16,16,16,0,0,0,0,0,0.005,0.01,0,0,0.016
N2C1W1_CL1_1_5_C.BPPFI, CL1_1_5,100,1,0,16,16,16,16,0,0,0,0,0,0.005,0.011,0,0,0.018
N2C1W1_CL1_1_5_D.BPPFI, CL1_1_5,100,0,0.058823529,16,16,17,17,0,14855231,105483,12081291,12081291,0.006,0.012,1946.373,1422.424,3600.006
N2C1W1_CL1_1_5_E.BPPFI, CL1_1_5,100,1,0,18,18,18,18,0,0,0,0,0,0.005,0.011,0,0,0.017
N2C1W1_CL2_1_5_A.BPPFI, CL2_1_5,100,1,0,23,23,23,23,0,0,0,0,0,0.005,0.007,0,0,0.013
N2C1W1_CL2_1_5_B.BPPFI, CL2_1_5,100,1,0,22,22,22,22,0,0,0,0,0,0.006,0.01,0,0,0.018
N2C1W1_CL2_1_5_C.BPPFI, CL2_1_5,100,1,0,22,22,22,22,0,0,0,0,0,0.005,0.007,0,0,0.013
N2C1W1_CL2_1_5_D.BPPFI, CL2_1_5,100,1,0,23,23,23,23,0,0,0,0,0,0.005,0.006,0,0,0.012
N2C1W1_CL2_1_5_E.BPPFI, CL2_1_5,100,1,0,23,23,24,23,0,552583,3410,413555,413555,0.005,0.008,57.079,40.167,104.367
N2C1W1_CL2_3_3_A.BPPFI, CL2_3_3,100,1,0,22,22,23,22,0,17702,130,12374,12374,0.005,0.007,2.59,2.075,5.16
N2C1W1_CL2_3_3_B.BPPFI, CL2_3_3,100,1,0,22,22,23,22,0,21857,123,16002,16002,0.007,0.009,3.333,2.724,6.576
N2C1W1_CL2_3_3_C.BPPFI, CL2_3_3,100,1,0,22,22,22,22,0,0,0,0,0,0.005,0.006,0,0,0.012
N2C1W1_CL2_3_3_D.BPPFI, CL2_3_3,100,0,0.043478261,22,22,23,23,0,11557286,44728,8829870,8829870,0.005,0.007,2152.689,1293.339,3600.065
N2C1W1_CL2_3_3_E.BPPFI, CL2_3_3,100,1,0,24,24,24,24,0,0,0,0,0,0.006,0.006,0,0,0.013
N2C1W1_CL2_3_4_A.BPPFI, CL2_3_4,100,1,0,19,19,20,19,0,18574,100,13345,13345,0.005,0.01,3.782,3.187,7.475
N2C1W1_CL2_3_4_B.BPPFI, CL2_3_4,100,1,0,20,20,20,20,0,0,0,0,0,0.006,0.009,0,0,0.015
N2C1W1_CL2_3_4_C.BPPFI, CL2_3_4,100,1,0,19,19,19,19,0,0,0,0,0,0.004,0.01,0,0,0.015
N2C1W1_CL2_3_4_D.BPPFI, CL2_3_4,100,1,0,19,20,20,20,0,6660,31,5063,5063,0.004,0.01,1.951,1.611,3.835
N2C1W1_CL2_3_4_E.BPPFI, CL2_3_4,100,1,0,21,21,22,21,0,460939,5147,332322,332322,0.004,0.007,30.105,25.92,62.001
N2C1W2_CL1_1_3_A.BPPFI, CL1_1_3,100,1,0,28,29,29,29,0,419,1,320,320,0.005,0.008,0.138,0.109,0.361
N2C1W2_CL1_1_3_B.BPPFI, CL1_1_3,100,0,0.034482759,28,28,29,29,0,14134709,67833,11067563,11067563,0.005,0.007,2195.72,1227.749,3600.047
N2C1W2_CL1_1_3_C.BPPFI, CL1_1_3,100,0,0.033333333,29,29,30,30,0,13864863,66146,10795110,10795110,0.005,0.007,2148.387,1284.375,3600.028
N2C1W2_CL1_1_3_D.BPPFI, CL1_1_3,100,1,0,32,33,33,33,0,383,1,284,284,0.005,0.007,0.112,0.091,0.309
N2C1W2_CL1_1_3_E.BPPFI, CL1_1_3,100,1,0,29,30,30,30,0,423,1,324,324,0.007,0.009,0.138,0.108,0.403
N2C1W2_CL1_1_5_A.BPPFI, CL1_1_5,100,1,0,21,21,21,21,0,0,0,0,0,0.005,0.01,0,0,0.016
N2C1W2_CL1_1_5_B.BPPFI, CL1_1_5,100,0,0.05,19,19,20,20,0,10776314,61194,8760901,8760901,0.005,0.009,2025.838,1419.396,3600.024
N2C1W2_CL1_1_5_C.BPPFI, CL1_1_5,100,1,0,20,20,20,20,0,0,0,0,0,0.005,0.009,0,0,0.016
N2C1W2_CL1_1_5_D.BPPFI, CL1_1_5,100,1,0,22,22,22,22,0,0,0,0,0,0.005,0.011,0,0,0.017
N2C1W2_CL1_1_5_E.BPPFI, CL1_1_5,100,1,0,21,22,22,22,0,499,1,400,400,0.006,0.012,0.194,0.198,0.515
N2C1W2_CL2_1_5_A.BPPFI, CL2_1_5,100,1,0,26,26,26,26,0,0,0,0,0,0.004,0.008,0,0,0.013
N2C1W2_CL2_1_5_B.BPPFI, CL2_1_5,100,1,0,25,26,26,26,0,421,1,322,322,0.006,0.009,0.129,0.096,0.342
N2C1W2_CL2_1_5_C.BPPFI, CL2_1_5,100,1,0,26,26,27,26,0,421216,5846,310217,310217,0.005,0.007,32.898,22.991,61.061
N2C1W2_CL2_1_5_D.BPPFI, CL2_1_5,100,0,0.066666667,28,28,30,30,0,69408739,6685748,45677946,45677946,0.006,0.006,1800.514,813.936,3600
N2C1W2_CL2_1_5_E.BPPFI, CL2_1_5,100,0,0.037037037,26,26,27,27,0,16003196,83592,11864356,11864356,0.005,0.008,2001.586,1406.504,3600.013
N2C1W2_CL2_3_3_A.BPPFI, CL2_3_3,100,1,0,26,26,26,26,0,0,0,0,0,0.004,0.008,0,0,0.012
N2C1W2_CL2_3_3_B.BPPFI, CL2_3_3,100,1,0,25,26,26,26,0,393,1,294,294,0.005,0.007,0.118,0.087,0.32
N2C1W2_CL2_3_3_C.BPPFI, CL2_3_3,100,1,0,26,26,27,26,0,16757,188,11272,11272,0.006,0.006,1.976,1.858,4.286
N2C1W2_CL2_3_3_D.BPPFI, CL2_3_3,100,0,0.035714286,27,27,28,28,0,19918354,124297,14307452,14307452,0.005,0.008,1958.506,1411.753,3600.002
N2C1W2_CL2_3_3_E.BPPFI, CL2_3_3,100,0,0.037037037,26,26,27,27,0,21723309,157803,15658908,15658908,0.005,0.008,1972.488,1375.801,3600.015
N2C1W2_CL2_3_4_A.BPPFI, CL2_3_4,100,0,0.041666667,23,23,24,24,0,11636753,52588,8999429,8999429,0.006,0.01,2006.075,1432.954,3600.04
N2C1W2_CL2_3_4_B.BPPFI, CL2_3_4,100,1,0,22,22,22,22,0,0,0,0,0,0.005,0.009,0,0,0.017
N2C1W2_CL2_3_4_C.BPPFI, CL2_3_4,100,0,0.043478261,22,22,23,23,0,9475786,33722,7512912,7512912,0.006,0.01,2093,1361.581,3600.087
N2C1W2_CL2_3_4_D.BPPFI, CL2_3_4,100,1,0,24,24,24,24,0,0,0,0,0,0.004,0.01,0,0,0.015
N2C1W2_CL2_3_4_E.BPPFI, CL2_3_4,100,1,0,23,24,24,24,0,450,1,351,351,0.006,0.012,0.162,0.174,0.5
N2C1W4_CL1_1_3_A.BPPFI, CL1_1_3,100,1,0,32,33,33,33,0,363,1,264,264,0.006,0.009,0.134,0.1,0.36
N2C1W4_CL1_1_3_B.BPPFI, CL1_1_3,100,0,0.03030303,32,32,33,33,0,17388223,113006,13223817,13223817,0.005,0.007,2077.872,1299.634,3600
N2C1W4_CL1_1_3_C.BPPFI, CL1_1_3,100,1,0,33,34,34,34,0,406,1,307,307,0.006,0.007,0.126,0.101,0.345
N2C1W4_CL1_1_3_D.BPPFI, CL1_1_3,100,1,0,34,35,35,35,0,355,1,256,256,0.004,0.007,0.091,0.095,0.346
N2C1W4_CL1_1_3_E.BPPFI, CL1_1_3,100,1,0,32,33,33,33,0,367,1,268,268,0.004,0.006,0.128,0.098,0.337
N2C1W4_CL1_1_5_A.BPPFI, CL1_1_5,100,1,0,22,22,22,22,0,0,0,0,0,0.005,0.011,0,0,0.016
N2C1W4_CL1_1_5_B.BPPFI, CL1_1_5,100,1,0,22,22,22,22,0,0,0,0,0,0.005,0.01,0,0,0.016
N2C1W4_CL1_1_5_C.BPPFI, CL1_1_5,100,0,0.041666667,23,23,24,24,0,8831159,32229,7063792,7063792,0.005,0.009,1985.954,1473.533,3600.001
N2C1W4_CL1_1_5_D.BPPFI, CL1_1_5,100,1,0,23,24,24,24,0,482,1,383,383,0.006,0.01,0.243,0.214,0.613
N2C1W4_CL1_1_5_E.BPPFI, CL1_1_5,100,1,0,22,23,23,23,0,477,1,378,378,0.007,0.01,0.276,0.234,0.643
N2C1W4_CL2_1_5_A.BPPFI, CL2_1_5,100,1,0,28,29,29,29,0,306,1,207,207,0.005,0.006,0.078,0.071,0.26
N2C1W4_CL2_1_5_B.BPPFI, CL2_1_5,100,0,0.035714286,27,27,28,28,0,13127497,51081,9750133,9750133,0.006,0.007,2040.765,1388.478,3600.047
N2C1W4_CL2_1_5_C.BPPFI, CL2_1_5,100,0,0.034482759,28,28,29,29,0,15181412,60687,10793484,10793484,0.006,0.007,1928.563,1481.616,3600.014
N2C1W4_CL2_1_5_D.BPPFI, CL2_1_5,100,1,0,28,29,29,29,0,334,1,235,235,0.006,0.007,0.087,0.083,0.279
N2C1W4_CL2_1_5_E.BPPFI, CL2_1_5,100,1,0,27,28,28,28,0,342,1,243,243,0.004,0.007,0.094,0.097,0.297
N2C1W4_CL2_3_3_A.BPPFI, CL2_3_3,100,0,0.035714286,27,27,28,28,0,21331368,144278,15292919,15292919,0.005,0.007,1945.831,1405.366,3600.004
N2C1W4_CL2_3_3_B.BPPFI, CL2_3_3,100,0,0.035714286,27,27,28,28,0,13208302,49079,9616906,9616906,0.006,0.007,1992.098,1436.548,3600.043
N2C1W4_CL2_3_3_C.BPPFI, CL2_3_3,100,1,0,28,29,29,29,0,320,1,221,221,0.006,0.007,0.079,0.083,0.284
N2C1W4_CL2_3_3_D.BPPFI, CL2_3_3,100,1,0,28,29,30,29,0,26136219,278310,16431982,16431982,0.006,0.008,1697.115,1472.544,3469.613
N2C1W4_CL2_3_3_E.BPPFI, CL2_3_3,100,1,0,27,28,28,28,0,342,1,243,243,0.005,0.007,0.097,0.11,0.32
N2C1W4_CL2_3_4_A.BPPFI, CL2_3_4,100,0,0.04,24,24,25,25,0,11075115,42576,8573338,8573338,0.005,0.009,1992.446,1454.459,3600.031
N2C1W4_CL2_3_4_B.BPPFI, CL2_3_4,100,1,0,23,23,23,23,0,0,0,0,0,0.005,0.01,0,0,0.016
N2C1W4_CL2_3_4_C.BPPFI, CL2_3_4,100,1,0,24,24,24,24,0,0,0,0,0,0.006,0.011,0,0,0.017
N2C1W4_CL2_3_4_D.BPPFI, CL2_3_4,100,1,0,24,24,24,24,0,0,0,0,0,0.005,0.009,0,0,0.014
N2C1W4_CL2_3_4_E.BPPFI, CL2_3_4,100,1,0,23,24,24,24,0,1943754,6865,1529033,1529033,0.005,0.009,398.121,281.748,708.519
N2C2W1_CL1_1_3_A.BPPFI, CL1_1_3,100,0,0.045454545,21,21,22,22,0,18434060,131060,14522429,14522429,0.006,0.009,2051.122,1304.558,3600.001
N2C2W1_CL1_1_3_B.BPPFI, CL1_1_3,100,0,0.04,24,24,25,25,0,12098636,47552,9725793,9725793,0.006,0.008,2131.284,1292.044,3600.003
N2C2W1_CL1_1_3_C.BPPFI, CL1_1_3,100,1,0,21,21,21,21,0,0,0,0,0,0.005,0.012,0,0,0.018
N2C2W1_CL1_1_3_D.BPPFI, CL1_1_3,100,1,0,22,22,22,22,0,0,0,0,0,0.006,0.01,0,0,0.016
N2C2W1_CL1_1_3_E.BPPFI, CL1_1_3,100,1,0,21,21,21,21,0,0,0,0,0,0.006,0.01,0,0,0.018
N2C2W1_CL1_1_5_A.BPPFI, CL1_1_5,100,1,0,15,15,15,15,0,0,0,0,0,0.006,0.013,0,0,0.02
N2C2W1_CL1_1_5_B.BPPFI, CL1_1_5,100,1,0,17,17,17,17,0,0,0,0,0,0.006,0.014,0,0,0.021
N2C2W1_CL1_1_5_C.BPPFI, CL1_1_5,100,1,0,15,15,15,15,0,0,0,0,0,0.006,0.012,0,0,0.02
N2C2W1_CL1_1_5_D.BPPFI, CL1_1_5,100,0,0.0625,15,15,16,16,0,6979785,27340,5814866,5814866,0.006,0.013,2075.958,1384.486,3600.12
N2C2W1_CL1_1_5_E.BPPFI, CL1_1_5,100,1,0,15,15,15,15,0,0,0,0,0,0.005,0.012,0,0,0.018
N2C2W1_CL2_1_5_A.BPPFI, CL2_1_5,100,0,0.045454545,21,21,22,22,0,14386299,82997,11275682,11275682,0.006,0.008,2044.809,1356.872,3600.005
N2C2W1_CL2_1_5_B.BPPFI, CL2_1_5,100,1,0,23,23,24,23,0,16966,107,11942,11942,0.005,0.007,2.756,2.655,5.906
N2C2W1_CL2_1_5_C.BPPFI, CL2_1_5,100,1,0,21,21,22,21,0,360077,2057,282549,282549,0.006,0.011,66.483,43.678,116.04
N2C2W1_CL2_1_5_D.BPPFI, CL2_1_5,100,1,0,22,22,23,22,0,21300,232,15395,15395,0.006,0.007,3.263,2.911,6.772
N2C2W1_CL2_1_5_E.BPPFI, CL2_1_5,100,1,0,21,21,21,21,0,0,0,0,0,0.005,0.008,0,0,0.014
N2C2W1_CL2_3_3_A.BPPFI, CL2_3_3,100,1,0,20,20,20,20,0,0,0,0,0,0.007,0.01,0,0,0.017
N2C2W1_CL2_3_3_B.BPPFI, CL2_3_3,100,0,0.043478261,22,22,23,23,0,32373544,659499,22036494,22036494,0.005,0.007,1850.286,1338.971,3600.011
N2C2W1_CL2_3_3_C.BPPFI, CL2_3_3,100,1,0,20,20,20,20,0,0,0,0,0,0.006,0.009,0,0,0.017
N2C2W1_CL2_3_3_D.BPPFI, CL2_3_3,100,1,0,21,21,22,21,0,17321,114,12310,12310,0.005,0.009,3.001,2.726,6.193
N2C2W1_CL2_3_3_E.BPPFI, CL2_3_3,100,1,0,20,20,20,20,0,0,0,0,0,0.006,0.008,0,0,0.014
N2C2W1_CL2_3_4_A.BPPFI, CL2_3_4,100,1,0,18,18,18,18,0,0,0,0,0,0.005,0.011,0,0,0.017
N2C2W1_CL2_3_4_B.BPPFI, CL2_3_4,100,1,0,19,19,20,19,0,20299,102,14628,14628,0.005,0.009,3.896,4.028,8.455
N2C2W1_CL2_3_4_C.BPPFI, CL2_3_4,100,1,0,17,18,18,18,0,2228,7,1839,1839,0.005,0.011,0.947,0.733,1.851
N2C2W1_CL2_3_4_D.BPPFI, CL2_3_4,100,1,0,18,18,19,18,0,45557,275,35733,35733,0.006,0.01,7.262,7.188,15.388
N2C2W1_CL2_3_4_E.BPPFI, CL2_3_4,100,0,0.055555556,17,17,18,18,0,14402728,84217,11586998,11586998,0.006,0.01,1930.503,1467.705,3600.031
N2C2W2_CL1_1_3_A.BPPFI, CL1_1_3,100,1,0,26,26,26,26,0,0,0,0,0,0.005,0.01,0,0,0.016
N2C2W2_CL1_1_3_B.BPPFI, CL1_1_3,100,0,0.035714286,27,27,28,28,0,11166703,41677,8663448,8663448,0.004,0.009,2077.357,1384.212,3600.016
N2C2W2_CL1_1_3_C.BPPFI, CL1_1_3,100,1,0,27,27,27,27,0,0,0,0,0,0.006,0.009,0,0,0.016
N2C2W2_CL1_1_3_D.BPPFI, CL1_1_3,100,1,0,26,26,26,26,0,0,0,0,0,0.004,0.009,0,0,0.015
N2C2W2_CL1_1_3_E.BPPFI, CL1_1_3,100,0,0.037037037,26,26,27,27,0,10174682,34349,8003464,8003464,0.005,0.01,2124.256,1342.77,3600.071
N2C2W2_CL1_1_5_A.BPPFI, CL1_1_5,100,1,0,18,18,18,18,0,0,0,0,0,0.005,0.011,0,0,0.016
N2C2W2_CL1_1_5_B.BPPFI, CL1_1_5,100,1,0,19,19,19,19,0,0,0,0,0,0.005,0.011,0,0,0.017
N2C2W2_CL1_1_5_C.BPPFI, CL1_1_5,100,1,0,19,19,19,19,0,0,0,0,0,0.005,0.011,0,0,0.016
N2C2W2_CL1_1_5_D.BPPFI, CL1_1_5,100,1,0,18,18,18,18,0,0,0,0,0,0.005,0.01,0,0,0.016
N2C2W2_CL1_1_5_E.BPPFI, CL1_1_5,100,1,0,18,18,19,18,0,298641,1595,246251,246251,0.006,0.013,53.313,43.231,101.281
N2C2W2_CL2_1_5_A.BPPFI, CL2_1_5,100,0,0.04,24,24,25,25,0,13844639,65764,10676075,10676075,0.005,0.008,2014.602,1425.167,3600.05
N2C2W2_CL2_1_5_B.BPPFI, CL2_1_5,100,1,0,25,25,25,25,0,0,0,0,0,0.004,0.008,0,0,0.014
N2C2W2_CL2_1_5_C.BPPFI, CL2_1_5,100,1,0,25,25,25,25,0,0,0,0,0,0.006,0.011,0,0,0.018
N2C2W2_CL2_1_5_D.BPPFI, CL2_1_5,100,1,0,24,24,25,24,0,5194090,19274,4011322,4011322,0.005,0.008,923.806,642.806,1629.235
N2C2W2_CL2_1_5_E.BPPFI, CL2_1_5,100,1,0,24,25,25,25,0,17759,51,13746,13746,0.006,0.007,3.927,3.903,8.295
N2C2W2_CL2_3_3_A.BPPFI, CL2_3_3,100,1,0,23,24,24,24,0,429,1,330,330,0.007,0.011,0.149,0.119,0.387
N2C2W2_CL2_3_3_B.BPPFI, CL2_3_3,100,1,0,24,25,25,25,0,4544835,17671,3459382,3459382,0.004,0.009,827.541,603.55,1486.7
N2C2W2_CL2_3_3_C.BPPFI, CL2_3_3,100,1,0,24,24,24,24,0,0,0,0,0,0.005,0.008,0,0,0.013
N2C2W2_CL2_3_3_D.BPPFI, CL2_3_3,100,1,0,23,24,24,24,0,438,1,339,339,0.004,0.008,0.145,0.122,0.375
N2C2W2_CL2_3_3_E.BPPFI, CL2_3_3,100,1,0,24,24,24,24,0,0,0,0,0,0.006,0.007,0,0,0.014
N2C2W2_CL2_3_4_A.BPPFI, CL2_3_4,100,0,0.047619048,20,20,21,21,0,14084356,94333,11410619,11410619,0.006,0.012,1982.321,1436.777,3600.021
N2C2W2_CL2_3_4_B.BPPFI, CL2_3_4,100,0,0.045454545,21,21,22,22,0,11207115,43189,8992741,8992741,0.005,0.013,1971.834,1477.082,3600.08
N2C2W2_CL2_3_4_C.BPPFI, CL2_3_4,100,1,0,20,21,21,21,0,487,1,388,388,0.007,0.012,0.177,0.211,0.517
N2C2W2_CL2_3_4_D.BPPFI, CL2_3_4,100,0,0.047619048,20,20,21,21,0,14362509,98245,11642722,11642722,0.005,0.012,1983.412,1424.73,3600.023
N2C2W2_CL2_3_4_E.BPPFI, CL2_3_4,100,1,0,20,21,21,21,0,104270,343,83359,83359,0.006,0.011,28.25,21.588,51.843
N2C2W4_CL1_1_3_A.BPPFI, CL1_1_3,100,0,0.035714286,27,27,28,28,0,10316192,37866,8070890,8070890,0.006,0.009,2098.778,1357.508,3600.055
N2C2W4_CL1_1_3_B.BPPFI, CL1_1_3,100,0,0.034482759,28,28,29,29,0,13052657,66624,10210607,10210607,0.005,0.009,2079.152,1343.676,3600.095
N2C2W4_CL1_1_3_C.BPPFI, CL1_1_3,100,1,0,29,30,30,30,0,380,1,281,281,0.006,0.008,0.123,0.113,0.364
N2C2W4_CL1_1_3_D.BPPFI, CL1_1_3,100,1,0,29,29,29,29,0,0,0,0,0,0.005,0.009,0,0,0.015
N2C2W4_CL1_1_3_E.BPPFI, CL1_1_3,100,1,0,29,29,29,29,0,0,0,0,0,0.006,0.008,0,0,0.015
N2C2W4_CL1_1_5_A.BPPFI, CL1_1_5,100,1,0,19,19,19,19,0,0,0,0,0,0.004,0.014,0,0,0.018
N2C2W4_CL1_1_5_B.BPPFI, CL1_1_5,100,1,0,20,20,20,20,0,0,0,0,0,0.006,0.011,0,0,0.018
N2C2W4_CL1_1_5_C.BPPFI, CL1_1_5,100,1,0,20,21,21,21,0,534,1,435,435,0.006,0.011,0.234,0.264,0.635
N2C2W4_CL1_1_5_D.BPPFI, CL1_1_5,100,1,0,20,20,20,20,0,0,0,0,0,0.006,0.011,0,0,0.018
N2C2W4_CL1_1_5_E.BPPFI, CL1_1_5,100,1,0,20,20,20,20,0,0,0,0,0,0.005,0.011,0,0,0.017
N2C2W4_CL2_1_5_A.BPPFI, CL2_1_5,100,1,0,25,25,25,25,0,0,0,0,0,0.011,0.009,0,0,0.021
N2C2W4_CL2_1_5_B.BPPFI, CL2_1_5,100,1,0,25,26,26,26,0,391,1,292,292,0.003,0.008,0.123,0.105,0.34
N2C2W4_CL2_1_5_C.BPPFI, CL2_1_5,100,1,0,26,26,26,26,0,0,0,0,0,0.005,0.007,0,0,0.013
N2C2W4_CL2_1_5_D.BPPFI, CL2_1_5,100,1,0,26,26,26,26,0,0,0,0,0,0.006,0.012,0,0,0.019
N2C2W4_CL2_1_5_E.BPPFI, CL2_1_5,100,1,0,26,26,26,26,0,0,0,0,0,0.007,0.009,0,0,0.016
N2C2W4_CL2_3_3_A.BPPFI, CL2_3_3,100,1,0,24,25,25,25,0,4015139,15629,3066657,3066657,0.005,0.008,762.523,533.128,1351.778
N2C2W4_CL2_3_3_B.BPPFI, CL2_3_3,100,1,0,25,25,25,25,0,0,0,0,0,0.005,0.008,0,0,0.014
N2C2W4_CL2_3_3_C.BPPFI, CL2_3_3,100,1,0,25,26,26,26,0,718474,2671,538364,538364,0.005,0.008,128.09,100.287,238.653
N2C2W4_CL2_3_3_D.BPPFI, CL2_3_3,100,0,0.038461538,25,25,26,26,0,13609882,72796,10207723,10207723,0.006,0.008,1945.978,1478.76,3600.038
N2C2W4_CL2_3_3_E.BPPFI, CL2_3_3,100,0,0.038461538,25,25,26,26,0,11874054,52492,8908359,8908359,0.005,0.008,1990.511,1450.344,3600.087
N2C2W4_CL2_3_4_A.BPPFI, CL2_3_4,100,1,0,21,21,21,21,0,0,0,0,0,0.006,0.011,0,0,0.017
N2C2W4_CL2_3_4_B.BPPFI, CL2_3_4,100,0,0.045454545,21,21,22,22,0,14007698,95504,11257734,11257734,0.006,0.01,1971.9,1424.247,3600.012
N2C2W4_CL2_3_4_C.BPPFI, CL2_3_4,100,1,0,22,22,22,22,0,0,0,0,0,0.004,0.011,0,0,0.016
N2C2W4_CL2_3_4_D.BPPFI, CL2_3_4,100,1,0,21,22,22,22,0,458,1,359,359,0.006,0.01,0.18,0.172,0.485
N2C2W4_CL2_3_4_E.BPPFI, CL2_3_4,100,1,0,21,22,22,22,0,419,1,320,320,0.006,0.01,0.167,0.153,0.435
N2C3W1_CL1_1_3_A.BPPFI, CL1_1_3,100,1,0,20,20,20,20,0,0,0,0,0,0.005,0.01,0,0,0.017
N2C3W1_CL1_1_3_B.BPPFI, CL1_1_3,100,1,0,19,19,19,19,0,0,0,0,0,0.007,0.011,0,0,0.018
N2C3W1_CL1_1_3_C.BPPFI, CL1_1_3,100,0,0.05,19,19,20,20,0,16054106,100403,12729692,12729692,0.005,0.011,1926.462,1443.775,3600
N2C3W1_CL1_1_3_D.BPPFI, CL1_1_3,100,0,0.047619048,20,20,21,21,0,12842205,76717,10542060,10542060,0.005,0.011,2059.33,1350.15,3600.058
N2C3W1_CL1_1_3_E.BPPFI, CL1_1_3,100,1,0,19,19,19,19,0,0,0,0,0,0.006,0.01,0,0,0.016
N2C3W1_CL1_1_5_A.BPPFI, CL1_1_5,100,1,0,14,14,14,14,0,0,0,0,0,0.006,0.015,0,0,0.022
N2C3W1_CL1_1_5_B.BPPFI, CL1_1_5,100,1,0,13,13,13,13,0,0,0,0,0,0.006,0.016,0,0,0.023
N2C3W1_CL1_1_5_C.BPPFI, CL1_1_5,100,1,0,13,13,14,13,0,2916204,9666,2479610,2479610,0.006,0.012,961.934,720.869,1746.288
N2C3W1_CL1_1_5_D.BPPFI, CL1_1_5,100,1,0,14,14,14,14,0,0,0,0,0,0.006,0.013,0,0,0.021
N2C3W1_CL1_1_5_E.BPPFI, CL1_1_5,100,1,0,13,13,13,13,0,0,0,0,0,0.004,0.016,0,0,0.02
N2C3W1_CL2_1_5_A.BPPFI, CL2_1_5,100,1,0,20,20,20,20,0,0,0,0,0,0.006,0.01,0,0,0.017
N2C3W1_CL2_1_5_B.BPPFI, CL2_1_5,100,1,0,20,20,20,20,0,0,0,0,0,0.004,0.01,0,0,0.015
N2C3W1_CL2_1_5_C.BPPFI, CL2_1_5,100,1,0,20,20,21,20,0,830920,5154,661390,661390,0.006,0.009,104.913,80.294,197.533
N2C3W1_CL2_1_5_D.BPPFI, CL2_1_5,100,1,0,21,21,21,21,0,0,0,0,0,0.005,0.012,0,0,0.018
N2C3W1_CL2_1_5_E.BPPFI, CL2_1_5,100,1,0,20,20,20,20,0,0,0,0,0,0.006,0.01,0,0,0.017
N2C3W1_CL2_3_3_A.BPPFI, CL2_3_3,100,1,0,19,19,19,19,0,0,0,0,0,0.006,0.009,0,0,0.016
N2C3W1_CL2_3_3_B.BPPFI, CL2_3_3,100,0,0.052631579,18,18,19,19,0,9475011,37103,7525566,7525566,0.007,0.011,2016.955,1434.617,3600.129
N2C3W1_CL2_3_3_C.BPPFI, CL2_3_3,100,1,0,19,19,19,19,0,0,0,0,0,0.004,0.008,0,0,0.015
N2C3W1_CL2_3_3_D.BPPFI, CL2_3_3,100,1,0,19,20,20,20,0,711601,2755,562262,562262,0.005,0.009,161.854,117.422,290.762
N2C3W1_CL2_3_3_E.BPPFI, CL2_3_3,100,0,0.052631579,18,18,19,19,0,12641648,77493,10071606,10071606,0.016,0.009,2000.897,1422.074,3600.126
N2C3W1_CL2_3_4_A.BPPFI, CL2_3_4,100,1,0,16,17,17,17,0,163266,522,136115,136115,0.006,0.012,52.037,39.875,95.491
N2C3W1_CL2_3_4_B.BPPFI, CL2_3_4,100,0,0.058823529,16,16,17,17,0,8734633,34500,7276122,7276122,0.005,0.012,1973.089,1474.929,3600.109
N2C3W1_CL2_3_4_C.BPPFI, CL2_3_4,100,1,0,16,17,17,17,0,4466007,16150,3703336,3703336,0.006,0.012,1230.354,872.01,2184.257
N2C3W1_CL2_3_4_D.BPPFI, CL2_3_4,100,1,0,17,17,17,17,0,0,0,0,0,0.004,0.014,0,0,0.019
N2C3W1_CL2_3_4_E.BPPFI, CL2_3_4,100,0,0.058823529,16,16,17,17,0,6601406,20198,5555283,5555283,0.005,0.012,2079.3,1393.94,3600.156
N2C3W2_CL1_1_3_A.BPPFI, CL1_1_3,100,1,0,22,23,23,23,0,524,1,425,425,0.005,0.011,0.209,0.223,0.575
N2C3W2_CL1_1_3_B.BPPFI, CL1_1_3,100,0,0.041666667,23,23,24,24,0,12525824,69788,10189027,10189027,0.006,0.011,2030.481,1384.726,3600.05
N2C3W2_CL1_1_3_C.BPPFI, CL1_1_3,100,1,0,22,23,23,23,0,494,1,395,395,0.008,0.01,0.221,0.231,0.59
N2C3W2_CL1_1_3_D.BPPFI, CL1_1_3,100,1,0,23,23,23,23,0,0,0,0,0,0.005,0.01,0,0,0.016
N2C3W2_CL1_1_3_E.BPPFI, CL1_1_3,100,1,0,22,22,22,22,0,0,0,0,0,0.005,0.01,0,0,0.016
N2C3W2_CL1_1_5_A.BPPFI, CL1_1_5,100,1,0,15,16,16,16,0,184413,614,154408,154408,0.005,0.014,73.421,59.301,137.129
N2C3W2_CL1_1_5_B.BPPFI, CL1_1_5,100,1,0,16,16,16,16,0,0,0,0,0,0.005,0.012,0,0,0.018
N2C3W2_CL1_1_5_C.BPPFI, CL1_1_5,100,1,0,16,16,16,16,0,0,0,0,0,0.007,0.011,0,0,0.019
N2C3W2_CL1_1_5_D.BPPFI, CL1_1_5,100,1,0,16,16,16,16,0,0,0,0,0,0.006,0.013,0,0,0.019
N2C3W2_CL1_1_5_E.BPPFI, CL1_1_5,100,1,0,15,15,15,15,0,0,0,0,0,0.005,0.012,0,0,0.018
N2C3W2_CL2_1_5_A.BPPFI, CL2_1_5,100,1,0,22,22,22,22,0,0,0,0,0,0.005,0.01,0,0,0.017
N2C3W2_CL2_1_5_B.BPPFI, CL2_1_5,100,1,0,22,23,23,23,0,474,1,375,375,0.005,0.01,0.181,0.176,0.483
N2C3W2_CL2_1_5_C.BPPFI, CL2_1_5,100,1,0,22,22,22,22,0,0,0,0,0,0.006,0.01,0,0,0.016
N2C3W2_CL2_1_5_D.BPPFI, CL2_1_5,100,0,0.043478261,22,22,23,23,0,10260870,49654,8085431,8085431,0.005,0.01,1980.961,1461.789,3600.038
N2C3W2_CL2_1_5_E.BPPFI, CL2_1_5,100,1,0,22,22,22,22,0,0,0,0,0,0.006,0.01,0,0,0.018
N2C3W2_CL2_3_3_A.BPPFI, CL2_3_3,100,1,0,21,21,21,21,0,0,0,0,0,0.006,0.01,0,0,0.016
N2C3W2_CL2_3_3_B.BPPFI, CL2_3_3,100,1,0,21,22,22,22,0,2324,6,1832,1832,0.005,0.009,0.798,0.703,1.746
N2C3W2_CL2_3_3_C.BPPFI, CL2_3_3,100,1,0,21,21,21,21,0,0,0,0,0,0.005,0.009,0,0,0.015
N2C3W2_CL2_3_3_D.BPPFI, CL2_3_3,100,0,0.045454545,21,21,22,22,0,11123428,56288,8728511,8728511,0.005,0.01,1984.991,1454.787,3600.059
N2C3W2_CL2_3_3_E.BPPFI, CL2_3_3,100,1,0,21,21,21,21,0,0,0,0,0,0.006,0.01,0,0,0.016
N2C3W2_CL2_3_4_A.BPPFI, CL2_3_4,100,0,0.052631579,18,18,19,19,0,8590173,31690,7119400,7119400,0.005,0.011,1985.226,1471.999,3600.055
N2C3W2_CL2_3_4_B.BPPFI, CL2_3_4,100,1,0,18,19,19,19,0,556,1,457,457,0.004,0.01,0.28,0.267,0.702
N2C3W2_CL2_3_4_C.BPPFI, CL2_3_4,100,1,0,18,18,18,18,0,0,0,0,0,0.005,0.01,0,0,0.016
N2C3W2_CL2_3_4_D.BPPFI, CL2_3_4,100,0,0.052631579,18,18,19,19,0,7512203,25456,6193781,6193781,0.005,0.01,1995.325,1485.44,3600.197
N2C3W2_CL2_3_4_E.BPPFI, CL2_3_4,100,1,0,18,18,18,18,0,0,0,0,0,0.006,0.012,0,0,0.02
N2C3W4_CL1_1_3_A.BPPFI, CL1_1_3,100,1,0,24,24,24,24,0,0,0,0,0,0.004,0.009,0,0,0.014
N2C3W4_CL1_1_3_B.BPPFI, CL1_1_3,100,1,0,24,25,25,25,0,442,1,343,343,0.005,0.008,0.153,0.157,0.422
N2C3W4_CL1_1_3_C.BPPFI, CL1_1_3,100,1,0,23,23,23,23,0,0,0,0,0,0.005,0.01,0,0,0.016
N2C3W4_CL1_1_3_D.BPPFI, CL1_1_3,100,1,0,24,24,24,24,0,0,0,0,0,0.005,0.009,0,0,0.015
N2C3W4_CL1_1_3_E.BPPFI, CL1_1_3,100,0,0.037037037,26,26,27,27,0,11990724,52459,9537530,9537530,0.004,0.01,1990.421,1457.912,3600.021
N2C3W4_CL1_1_5_A.BPPFI, CL1_1_5,100,1,0,16,17,17,17,0,5494051,15838,4556283,4556283,0.005,0.01,1862.824,1544.335,3504.971
N2C3W4_CL1_1_5_B.BPPFI, CL1_1_5,100,1,0,17,17,17,17,0,0,0,0,0,0.004,0.011,0,0,0.016
N2C3W4_CL1_1_5_C.BPPFI, CL1_1_5,100,1,0,16,16,16,16,0,0,0,0,0,0.005,0.012,0,0,0.018
N2C3W4_CL1_1_5_D.BPPFI, CL1_1_5,100,1,0,16,17,17,17,0,131911,345,109423,109423,0.005,0.011,47.369,40.714,90.843
N2C3W4_CL1_1_5_E.BPPFI, CL1_1_5,100,1,0,16,16,16,16,0,0,0,0,0,0.006,0.013,0,0,0.02
N2C3W4_CL2_1_5_A.BPPFI, CL2_1_5,100,1,0,23,23,23,23,0,0,0,0,0,0.003,0.01,0,0,0.014
N2C3W4_CL2_1_5_B.BPPFI, CL2_1_5,100,0,0.041666667,23,23,24,24,0,11117271,52887,8661899,8661899,0.005,0.01,1951.502,1508.748,3600.069
N2C3W4_CL2_1_5_C.BPPFI, CL2_1_5,100,1,0,22,23,23,23,0,18004,54,14121,14121,0.006,0.008,4.553,4.952,10.015
N2C3W4_CL2_1_5_D.BPPFI, CL2_1_5,100,1,0,23,23,23,23,0,0,0,0,0,0.005,0.009,0,0,0.014
N2C3W4_CL2_1_5_E.BPPFI, CL2_1_5,100,1,0,22,22,22,22,0,0,0,0,0,0.005,0.01,0,0,0.016
N2C3W4_CL2_3_3_A.BPPFI, CL2_3_3,100,1,0,22,22,22,22,0,0,0,0,0,0.005,0.009,0,0,0.015
N2C3W4_CL2_3_3_B.BPPFI, CL2_3_3,100,1,0,22,23,23,23,0,4644071,17951,3606827,3606827,0.005,0.009,942.565,757.228,1760.218
N2C3W4_CL2_3_3_C.BPPFI, CL2_3_3,100,1,0,21,22,22,22,0,478,1,379,379,0.005,0.011,0.181,0.176,0.475
N2C3W4_CL2_3_3_D.BPPFI, CL2_3_3,100,1,0,22,22,22,22,0,0,0,0,0,0.004,0.008,0,0,0.014
N2C3W4_CL2_3_3_E.BPPFI, CL2_3_3,100,1,0,22,23,23,23,0,423,1,324,324,0.006,0.011,0.167,0.167,0.458
N2C3W4_CL2_3_4_A.BPPFI, CL2_3_4,100,1,0,19,19,19,19,0,0,0,0,0,0.005,0.009,0,0,0.015
N2C3W4_CL2_3_4_B.BPPFI, CL2_3_4,100,0,0.05,19,19,20,20,0,12408801,79765,10170972,10170972,0.005,0.01,1900.531,1529.475,3600.014
N2C3W4_CL2_3_4_C.BPPFI, CL2_3_4,100,1,0,18,19,19,19,0,533,1,434,434,0.006,0.012,0.25,0.251,0.636
N2C3W4_CL2_3_4_D.BPPFI, CL2_3_4,100,1,0,19,19,20,19,0,29550,215,22683,22683,0.006,0.01,5.348,5.728,11.88
N2C3W4_CL2_3_4_E.BPPFI, CL2_3_4,100,1,0,19,20,20,20,0,496,1,397,397,0.005,0.011,0.193,0.234,0.552
N3C1W1_CL1_1_3_A.BPPFI, CL1_1_3,200,1,0,50,50,50,50,0,0,0,0,0,0.006,0.02,0,0,0.027
N3C1W1_CL1_1_3_B.BPPFI, CL1_1_3,200,1,0,52,52,52,52,0,0,0,0,0,0.005,0.017,0,0,0.023
N3C1W1_CL1_1_3_C.BPPFI, CL1_1_3,200,0,0.020833333,47,47,48,48,0,3645084,3784,3060088,3060088,0.005,0.018,2592.71,939.988,3600.731
N3C1W1_CL1_1_3_D.BPPFI, CL1_1_3,200,1,0,51,52,52,52,0,1084,1,885,885,0.005,0.018,0.861,0.511,1.535
N3C1W1_CL1_1_3_E.BPPFI, CL1_1_3,200,1,0,47,47,47,47,0,0,0,0,0,0.004,0.018,0,0,0.023
N3C1W1_CL1_1_5_A.BPPFI, CL1_1_5,200,0,0.029411765,33,33,34,34,0,2248753,2477,1930167,1930167,0.005,0.021,2530.126,1008.971,3601.413
N3C1W1_CL1_1_5_B.BPPFI, CL1_1_5,200,0,0.027027027,36,36,37,37,0,5942234,20076,5023817,5023817,0.005,0.022,2234.073,1254.101,3600.113
N3C1W1_CL1_1_5_C.BPPFI, CL1_1_5,200,0,0.03030303,32,32,33,33,0,2751409,3317,2376889,2376889,0.005,0.022,2481.774,1041.365,3600.625
N3C1W1_CL1_1_5_D.BPPFI, CL1_1_5,200,1,0,35,35,35,35,0,0,0,0,0,0.006,0.021,0,0,0.028
N3C1W1_CL1_1_5_E.BPPFI, CL1_1_5,200,1,0,32,32,32,32,0,0,0,0,0,0.006,0.028,0,0,0.035
N3C1W1_CL2_1_5_A.BPPFI, CL2_1_5,200,1,0,47,47,47,47,0,0,0,0,0,0.004,0.018,0,0,0.023
N3C1W1_CL2_1_5_B.BPPFI, CL2_1_5,200,0,0.021276596,46,46,47,47,0,7636076,16577,6010228,6010228,0.004,0.016,2177.147,1304.677,3600.011
N3C1W1_CL2_1_5_C.BPPFI, CL2_1_5,200,0,0.022727273,43,43,44,44,0,10496326,30662,8262237,8262237,0.005,0.02,2143.782,1306.536,3600.084
N3C1W1_CL2_1_5_D.BPPFI, CL2_1_5,200,1,0,47,48,48,48,0,29227,39,23175,23175,0.007,0.019,16.47,10.394,27.762
N3C1W1_CL2_1_5_E.BPPFI, CL2_1_5,200,0,0.022727273,43,43,44,44,0,12275017,40000,9473413,9473413,0.004,0.016,2088.867,1345.18,3600.085
N3C1W1_CL2_3_3_A.BPPFI, CL2_3_3,200,1,0,45,45,45,45,0,0,0,0,0,0.006,0.018,0,0,0.024
N3C1W1_CL2_3_3_B.BPPFI, CL2_3_3,200,1,0,46,47,47,47,0,1044,1,845,845,0.004,0.017,0.738,0.534,1.44
N3C1W1_CL2_3_3_C.BPPFI, CL2_3_3,200,0,0.022222222,44,44,45,45,0,4877970,7105,3959347,3959347,0.006,0.016,2345.207,1162.225,3600.04
N3C1W1_CL2_3_3_D.BPPFI, CL2_3_3,200,1,0,47,47,47,47,0,0,0,0,0,0.005,0.017,0,0,0.023
N3C1W1_CL2_3_3_E.BPPFI, CL2_3_3,200,1,0,43,44,44,44,0,2082944,2955,1696647,1696647,0.006,0.018,1270.938,554.486,1868.603
N3C1W1_CL2_3_4_A.BPPFI, CL2_3_4,200,1,0,39,40,40,40,0,445206,521,370140,370140,0.006,0.02,361.307,166.49,539.512
N3C1W1_CL2_3_4_B.BPPFI, CL2_3_4,200,0,0.023809524,41,41,42,42,0,4939350,7610,4113026,4113026,0.005,0.019,2244.61,1259.645,3600.553
N3C1W1_CL2_3_4_C.BPPFI, CL2_3_4,200,1,0,38,38,38,38,0,0,0,0,0,0.015,0.016,0,0,0.031
N3C1W1_CL2_3_4_D.BPPFI, CL2_3_4,200,1,0,40,40,40,40,0,0,0,0,0,0,0.047,0,0,0.047
N3C1W1_CL2_3_4_E.BPPFI, CL2_3_4,200,1,0,38,38,38,38,0,0,0,0,0,0.015,0.016,0,0,0.031
N3C1W2_CL1_1_3_A.BPPFI, CL1_1_3,200,1,0,56,57,57,57,0,925,1,726,726,0,0.031,0.629,0.48,1.328
N3C1W2_CL1_1_3_B.BPPFI, CL1_1_3,200,0,0.016949153,58,58,59,59,0,4944069,6657,3922796,3922796,0.016,0.015,2326.415,1183.029,3600.5
N3C1W2_CL1_1_3_C.BPPFI, CL1_1_3,200,0,0.016949153,58,58,59,59,0,4860077,6538,3887240,3887240,0,0.016,2378.852,1133.831,3600.108
N3C1W2_CL1_1_3_D.BPPFI, CL1_1_3,200,0,0.016129032,61,61,62,62,0,4914740,6302,3877578,3877578,0.016,0.016,2320.926,1186.945,3600.308
N3C1W2_CL1_1_3_E.BPPFI, CL1_1_3,200,1,0,58,59,59,59,0,877,1,678,678,0.015,0.016,0.547,0.376,1.093
N3C1W2_CL1_1_5_A.BPPFI, CL1_1_5,200,1,0,39,39,39,39,0,0,0,0,0,0,0.031,0,0,0.031
N3C1W2_CL1_1_5_B.BPPFI, CL1_1_5,200,0,0.026315789,37,37,38,38,0,2609415,3424,2187583,2187583,0,0.032,2367.778,1160.674,3600.41
N3C1W2_CL1_1_5_C.BPPFI, CL1_1_5,200,1,0,40,40,40,40,0,0,0,0,0,0.004,0.023,0,0,0.028
N3C1W2_CL1_1_5_D.BPPFI, CL1_1_5,200,1,0,42,42,42,42,0,0,0,0,0,0,0.032,0,0,0.032
N3C1W2_CL1_1_5_E.BPPFI, CL1_1_5,200,0,0.024390244,40,40,41,41,0,2918622,4686,2439809,2439809,0.016,0.031,2361.155,1164.251,3600.878
N3C1W2_CL2_1_5_A.BPPFI, CL2_1_5,200,0,0.02,49,49,50,50,0,4422279,6090,3512102,3512102,0.007,0.017,2318.119,1196.252,3600.592
N3C1W2_CL2_1_5_B.BPPFI, CL2_1_5,200,1,0,50,51,51,51,0,952,1,753,753,0.007,0.017,0.635,0.47,1.279
N3C1W2_CL2_1_5_C.BPPFI, CL2_1_5,200,0,0.019607843,50,50,51,51,0,4873514,7064,3823175,3823175,0.006,0.021,2272.802,1238.263,3600.468
N3C1W2_CL2_1_5_D.BPPFI, CL2_1_5,200,0,0.018867925,52,52,53,53,0,8918102,19444,6733324,6733324,0.006,0.02,2065.883,1405.662,3600.191
N3C1W2_CL2_1_5_E.BPPFI, CL2_1_5,200,1,0,50,51,51,51,0,933,1,734,734,0.005,0.02,0.634,0.444,1.232
N3C1W2_CL2_3_3_A.BPPFI, CL2_3_3,200,1,0,50,51,51,51,0,962,1,763,763,0.006,0.02,0.637,0.465,1.263
N3C1W2_CL2_3_3_B.BPPFI, CL2_3_3,200,0,0.019607843,50,50,51,51,0,6084374,10790,4844289,4844289,0.005,0.018,2291.487,1212.899,3600.042
N3C1W2_CL2_3_3_C.BPPFI, CL2_3_3,200,0,0.019230769,51,51,52,52,0,5242169,7963,4114282,4114282,0.006,0.017,2254.303,1263.454,3600.379
N3C1W2_CL2_3_3_D.BPPFI, CL2_3_3,200,1,0,52,53,53,53,0,839,1,640,640,0.006,0.017,0.468,0.367,0.978
N3C1W2_CL2_3_3_E.BPPFI, CL2_3_3,200,1,0,51,52,52,52,0,906,1,707,707,0.005,0.02,0.579,0.427,1.158
N3C1W2_CL2_3_4_A.BPPFI, CL2_3_4,200,1,0,44,44,44,44,0,0,0,0,0,0.005,0.017,0,0,0.022
N3C1W2_CL2_3_4_B.BPPFI, CL2_3_4,200,1,0,44,44,44,44,0,0,0,0,0,0.004,0.018,0,0,0.023
N3C1W2_CL2_3_4_C.BPPFI, CL2_3_4,200,0,0.022727273,43,43,44,44,0,4285741,7099,3512644,3512644,0.005,0.018,2257.107,1270.601,3600.629
N3C1W2_CL2_3_4_D.BPPFI, CL2_3_4,200,1,0,45,45,45,45,0,0,0,0,0,0.005,0.017,0,0,0.023
N3C1W2_CL2_3_4_E.BPPFI, CL2_3_4,200,1,0,45,45,45,45,0,0,0,0,0,0.005,0.018,0,0,0.024
N3C1W4_CL1_1_3_A.BPPFI, CL1_1_3,200,0,0.03030303,64,64,66,66,0,6224736,12354,4787705,4787705,0.006,0.021,2184.668,1329.927,3600.056
N3C1W4_CL1_1_3_B.BPPFI, CL1_1_3,200,0,0.03125,62,62,64,64,0,6228980,13092,4824399,4824399,0.006,0.017,2223.935,1291.523,3600.281
N3C1W4_CL1_1_3_C.BPPFI, CL1_1_3,200,1,0,62,63,63,63,0,861,1,662,662,0.011,0.015,0.494,0.38,1.022
N3C1W4_CL1_1_3_D.BPPFI, CL1_1_3,200,0,0.029411765,66,66,68,68,0,6456035,12157,4963246,4963246,0.006,0.017,2159.094,1353.35,3600.155
N3C1W4_CL1_1_3_E.BPPFI, CL1_1_3,200,1,0,64,65,65,65,0,868,1,669,669,0.005,0.015,0.465,0.395,1.009
N3C1W4_CL1_1_5_A.BPPFI, CL1_1_5,200,1,0,44,44,44,44,0,0,0,0,0,0.005,0.021,0,0,0.026
N3C1W4_CL1_1_5_B.BPPFI, CL1_1_5,200,1,0,43,43,43,43,0,0,0,0,0,0.007,0.026,0,0,0.034
N3C1W4_CL1_1_5_C.BPPFI, CL1_1_5,200,1,0,43,43,43,43,0,0,0,0,0,0.004,0.02,0,0,0.025
N3C1W4_CL1_1_5_D.BPPFI, CL1_1_5,200,0,0.022727273,43,43,44,44,0,3648950,6901,2973478,2973478,0.004,0.019,2220.884,1308.614,3600.671
N3C1W4_CL1_1_5_E.BPPFI, CL1_1_5,200,0,0.023809524,41,41,42,42,0,3111563,4233,2561990,2561990,0.006,0.021,2267.212,1264.158,3600.217
N3C1W4_CL2_1_5_A.BPPFI, CL2_1_5,200,0,0.035714286,54,54,56,56,0,8198261,16511,6117371,6117371,0.006,0.018,2038.612,1445.276,3600.003
N3C1W4_CL2_1_5_B.BPPFI, CL2_1_5,200,0,0.018518519,53,53,54,54,0,6686675,12854,5176647,5176647,0.006,0.018,2194.066,1299.965,3600.244
N3C1W4_CL2_1_5_C.BPPFI, CL2_1_5,200,1,0,53,53,53,53,0,0,0,0,0,0.005,0.018,0,0,0.025
N3C1W4_CL2_1_5_D.BPPFI, CL2_1_5,200,0,0.035714286,54,54,56,56,0,6228364,10393,4706632,4706632,0.006,0.017,2133.274,1365.345,3600.273
N3C1W4_CL2_1_5_E.BPPFI, CL2_1_5,200,1,0,53,54,54,54,0,821,1,622,622,0.005,0.016,0.468,0.346,0.949
N3C1W4_CL2_3_3_A.BPPFI, CL2_3_3,200,0,0.035714286,54,54,56,56,0,7311501,13503,5584784,5584784,0.006,0.017,2109.391,1380.85,3600.175
N3C1W4_CL2_3_3_B.BPPFI, CL2_3_3,200,0,0.018181818,54,54,55,55,0,6751882,12130,5225665,5225665,0.005,0.018,2162.547,1331.972,3600.202
N3C1W4_CL2_3_3_C.BPPFI, CL2_3_3,200,0,0.036363636,53,53,55,55,0,6885355,13263,5323213,5323213,0.005,0.018,2141.873,1348.946,3600.253
N3C1W4_CL2_3_3_D.BPPFI, CL2_3_3,200,0,0.035714286,54,54,56,56,0,8744036,20422,6702010,6702010,0.005,0.017,2125.872,1344.872,3600.043
N3C1W4_CL2_3_3_E.BPPFI, CL2_3_3,200,0,0.018518519,53,53,54,54,0,5175934,7526,4043299,4043299,0.005,0.017,2221.297,1282.057,3600.497
N3C1W4_CL2_3_4_A.BPPFI, CL2_3_4,200,1,0,47,48,48,48,0,944,1,745,745,0.006,0.021,0.662,0.576,1.431
N3C1W4_CL2_3_4_B.BPPFI, CL2_3_4,200,1,0,47,47,47,47,0,0,0,0,0,0.006,0.024,0,0,0.031
N3C1W4_CL2_3_4_C.BPPFI, CL2_3_4,200,1,0,47,47,47,47,0,0,0,0,0,0.005,0.019,0,0,0.025
N3C1W4_CL2_3_4_D.BPPFI, CL2_3_4,200,0,0.020833333,47,47,48,48,0,3825754,5424,3022940,3022940,0.005,0.02,2196.331,1317.403,3600.093
N3C1W4_CL2_3_4_E.BPPFI, CL2_3_4,200,0,0.021276596,46,46,47,47,0,3915432,6082,3132519,3132519,0.005,0.019,2222.682,1292.887,3600.535
N3C2W1_CL1_1_3_A.BPPFI, CL1_1_3,200,1,0,47,47,47,47,0,0,0,0,0,0.006,0.018,0,0,0.025
N3C2W1_CL1_1_3_B.BPPFI, CL1_1_3,200,1,0,44,44,44,44,0,0,0,0,0,0.006,0.022,0,0,0.028
N3C2W1_CL1_1_3_C.BPPFI, CL1_1_3,200,0,0.023255814,42,42,43,43,0,3722142,4573,3108760,3108760,0.006,0.025,2466.349,1052.412,3600.505
N3C2W1_CL1_1_3_D.BPPFI, CL1_1_3,200,0,0.023255814,42,42,43,43,0,5335002,8946,4435805,4435805,0.005,0.02,2364.602,1137.637,3600.239
N3C2W1_CL1_1_3_E.BPPFI, CL1_1_3,200,0,0.022727273,43,43,44,44,0,4467278,6581,3754549,3754549,0.005,0.02,2445.213,1067.022,3600.519
N3C2W1_CL1_1_5_A.BPPFI, CL1_1_5,200,1,0,30,30,30,30,0,0,0,0,0,0.005,0.023,0,0,0.028
N3C2W1_CL1_1_5_B.BPPFI, CL1_1_5,200,1,0,28,28,28,28,0,0,0,0,0,0.006,0.029,0,0,0.036
N3C2W1_CL1_1_5_C.BPPFI, CL1_1_5,200,1,0,29,29,29,29,0,0,0,0,0,0.005,0.027,0,0,0.033
N3C2W1_CL1_1_5_D.BPPFI, CL1_1_5,200,1,0,29,29,29,29,0,0,0,0,0,0.005,0.021,0,0,0.028
N3C2W1_CL1_1_5_E.BPPFI, CL1_1_5,200,0,0.033333333,29,29,30,30,0,1873517,2319,1621081,1621081,0.006,0.024,2533.421,1000.927,3600.053
N3C2W1_CL2_1_5_A.BPPFI, CL2_1_5,200,1,0,43,43,43,43,0,0,0,0,0,0.005,0.019,0,0,0.026
N3C2W1_CL2_1_5_B.BPPFI, CL2_1_5,200,1,0,41,41,41,41,0,0,0,0,0,0.006,0.019,0,0,0.026
N3C2W1_CL2_1_5_C.BPPFI, CL2_1_5,200,0,0.023809524,41,41,42,42,0,5789999,9954,4731970,4731970,0.006,0.023,2258.108,1241.333,3600.339
N3C2W1_CL2_1_5_D.BPPFI, CL2_1_5,200,1,0,40,41,41,41,0,3340,5,2746,2746,0.007,0.023,2.839,1.841,5.034
N3C2W1_CL2_1_5_E.BPPFI, CL2_1_5,200,1,0,41,41,41,41,0,0,0,0,0,0.006,0.019,0,0,0.026
N3C2W1_CL2_3_3_A.BPPFI, CL2_3_3,200,0,0.023255814,42,42,43,43,0,7417590,15423,5981173,5981173,0.005,0.023,2147.686,1336.021,3600.118
N3C2W1_CL2_3_3_B.BPPFI, CL2_3_3,200,1,0,40,41,41,41,0,552167,751,452196,452196,0.005,0.02,430.785,192.905,637.094
N3C2W1_CL2_3_3_C.BPPFI, CL2_3_3,200,0,0.023809524,41,41,42,42,0,13038774,56745,10290881,10290881,0.008,0.027,2047.363,1376.053,3600.076
N3C2W1_CL2_3_3_D.BPPFI, CL2_3_3,200,1,0,40,40,40,40,0,0,0,0,0,0.005,0.018,0,0,0.025
N3C2W1_CL2_3_3_E.BPPFI, CL2_3_3,200,1,0,41,41,41,41,0,0,0,0,0,0.006,0.022,0,0,0.029
N3C2W1_CL2_3_4_A.BPPFI, CL2_3_4,200,1,0,37,37,37,37,0,0,0,0,0,0.003,0.018,0,0,0.022
N3C2W1_CL2_3_4_B.BPPFI, CL2_3_4,200,0,0.027777778,35,35,36,36,0,2937277,3754,2443291,2443291,0.005,0.019,2350.651,1181.851,3600.551
N3C2W1_CL2_3_4_C.BPPFI, CL2_3_4,200,1,0,36,36,36,36,0,0,0,0,0,0.006,0.027,0,0,0.033
N3C2W1_CL2_3_4_D.BPPFI, CL2_3_4,200,0,0.027777778,35,35,36,36,0,4070726,6019,3416957,3416957,0.005,0.019,2220.857,1301.854,3600.343
N3C2W1_CL2_3_4_E.BPPFI, CL2_3_4,200,1,0,36,36,36,36,0,0,0,0,0,0.005,0.017,0,0,0.022
N3C2W2_CL1_1_3_A.BPPFI, CL1_1_3,200,0,0.018867925,52,52,53,53,0,5701634,10398,4611413,4611413,0.004,0.019,2276.487,1239.115,3600.032
N3C2W2_CL1_1_3_B.BPPFI, CL1_1_3,200,0,0.019607843,50,50,51,51,0,4074994,5358,3305646,3305646,0.006,0.019,2352.469,1179.381,3600.003
N3C2W2_CL1_1_3_C.BPPFI, CL1_1_3,200,0,0.019230769,51,51,52,52,0,4758442,6855,3867156,3867156,0.006,0.02,2309.795,1215.375,3600.519
N3C2W2_CL1_1_3_D.BPPFI, CL1_1_3,200,0,0.018867925,52,52,53,53,0,4413736,6032,3554733,3554733,0.005,0.019,2311.978,1214.766,3600.206
N3C2W2_CL1_1_3_E.BPPFI, CL1_1_3,200,1,0,54,55,55,55,0,914,1,715,715,0.006,0.019,0.602,0.471,1.221
N3C2W2_CL1_1_5_A.BPPFI, CL1_1_5,200,0,0.027777778,35,35,36,36,0,2508757,2839,2122181,2122181,0.005,0.027,2336.084,1200.319,3600.1
N3C2W2_CL1_1_5_B.BPPFI, CL1_1_5,200,0,0.028571429,34,34,35,35,0,3128127,6878,2671970,2671970,0.005,0.024,2331.891,1191.997,3600.682
N3C2W2_CL1_1_5_C.BPPFI, CL1_1_5,200,1,0,34,35,35,35,0,1301,1,1102,1102,0.006,0.024,1.659,1.182,3.034
N3C2W2_CL1_1_5_D.BPPFI, CL1_1_5,200,0,0.027777778,35,35,36,36,0,2377870,2781,2004051,2004051,0.005,0.022,2334.638,1196.284,3600.259
N3C2W2_CL1_1_5_E.BPPFI, CL1_1_5,200,1,0,37,37,37,37,0,0,0,0,0,0.006,0.037,0,0,0.043
N3C2W2_CL2_1_5_A.BPPFI, CL2_1_5,200,0,0.020833333,47,47,48,48,0,4340471,6600,3480846,3480846,0.008,0.028,2268.575,1245.688,3600.12
N3C2W2_CL2_1_5_B.BPPFI, CL2_1_5,200,0,0.021276596,46,46,47,47,0,4117303,6107,3312325,3312325,0.006,0.019,2299.589,1218.019,3600.342
N3C2W2_CL2_1_5_C.BPPFI, CL2_1_5,200,1,0,47,47,47,47,0,0,0,0,0,0.006,0.018,0,0,0.024
N3C2W2_CL2_1_5_D.BPPFI, CL2_1_5,200,1,0,47,48,48,48,0,978,1,779,779,0.004,0.02,0.746,0.566,1.489
N3C2W2_CL2_1_5_E.BPPFI, CL2_1_5,200,1,0,48,49,49,49,0,983,1,784,784,0.006,0.018,0.698,0.538,1.423
N3C2W2_CL2_3_3_A.BPPFI, CL2_3_3,200,1,0,47,47,47,47,0,0,0,0,0,0.005,0.018,0,0,0.024
N3C2W2_CL2_3_3_B.BPPFI, CL2_3_3,200,1,0,46,46,46,46,0,0,0,0,0,0.005,0.018,0,0,0.026
N3C2W2_CL2_3_3_C.BPPFI, CL2_3_3,200,0,0.021276596,46,46,47,47,0,4195907,6916,3393865,3393865,0.005,0.019,2290.389,1226.183,3600.293
N3C2W2_CL2_3_3_D.BPPFI, CL2_3_3,200,1,0,47,47,47,47,0,0,0,0,0,0.006,0.022,0,0,0.029
N3C2W2_CL2_3_3_E.BPPFI, CL2_3_3,200,0,0.020408163,48,48,49,49,0,4714843,7415,3804677,3804677,0.006,0.023,2254.816,1259.581,3600.609
N3C2W2_CL2_3_4_A.BPPFI, CL2_3_4,200,0,0.023809524,41,41,42,42,0,4120408,6551,3416029,3416029,0.004,0.025,2225.986,1288.853,3600.362
N3C2W2_CL2_3_4_B.BPPFI, CL2_3_4,200,1,0,40,40,40,40,0,0,0,0,0,0.005,0.02,0,0,0.025
N3C2W2_CL2_3_4_C.BPPFI, CL2_3_4,200,1,0,40,41,41,41,0,1067,1,868,868,0.005,0.02,0.936,0.781,1.867
N3C2W2_CL2_3_4_D.BPPFI, CL2_3_4,200,0,0.023809524,41,41,42,42,0,3387979,4700,2767140,2767140,0.006,0.019,2242.356,1279.282,3600.761
N3C2W2_CL2_3_4_E.BPPFI, CL2_3_4,200,0,0.023255814,42,42,43,43,0,3357839,4789,2734508,2734508,0.006,0.027,2179.74,1340.019,3600.454
N3C2W4_CL1_1_3_A.BPPFI, CL1_1_3,200,0,0.018181818,54,54,55,55,0,4313097,6689,3418249,3418249,0.006,0.018,2232.805,1282.029,3600.265
N3C2W4_CL1_1_3_B.BPPFI, CL1_1_3,200,1,0,53,54,54,54,0,902,1,703,703,0.006,0.019,0.651,0.485,1.313
N3C2W4_CL1_1_3_C.BPPFI, CL1_1_3,200,0,0.016949153,58,58,59,59,0,5323154,8394,4179024,4179024,0.005,0.02,2165.495,1340.682,3600.282
N3C2W4_CL1_1_3_D.BPPFI, CL1_1_3,200,1,0,54,55,55,55,0,929,1,730,730,0.006,0.019,0.66,0.509,1.322
N3C2W4_CL1_1_3_E.BPPFI, CL1_1_3,200,1,0,53,53,53,53,0,0,0,0,0,0.006,0.024,0,0,0.032
N3C2W4_CL1_1_5_A.BPPFI, CL1_1_5,200,1,0,36,37,37,37,0,355826,414,296860,296860,0.006,0.023,344.719,202.05,557.89
N3C2W4_CL1_1_5_B.BPPFI, CL1_1_5,200,0,0.027027027,36,36,37,37,0,2532036,3273,2132512,2132512,0.005,0.023,2287.374,1244.339,3601.632
N3C2W4_CL1_1_5_C.BPPFI, CL1_1_5,200,0,0.025,39,39,40,40,0,2675513,3611,2221950,2221950,0.006,0.023,2213.292,1313.122,3600.134
N3C2W4_CL1_1_5_D.BPPFI, CL1_1_5,200,1,0,37,37,37,37,0,0,0,0,0,0.006,0.028,0,0,0.035
N3C2W4_CL1_1_5_E.BPPFI, CL1_1_5,200,1,0,36,36,36,36,0,0,0,0,0,0.007,0.023,0,0,0.031
N3C2W4_CL2_1_5_A.BPPFI, CL2_1_5,200,1,0,48,49,49,49,0,908,1,709,709,0.006,0.018,0.63,0.522,1.309
N3C2W4_CL2_1_5_B.BPPFI, CL2_1_5,200,1,0,48,49,49,49,0,905,1,706,706,0.005,0.019,0.63,0.521,1.289
N3C2W4_CL2_1_5_C.BPPFI, CL2_1_5,200,1,0,50,51,51,51,0,867,1,668,668,0.006,0.017,0.539,0.449,1.134
N3C2W4_CL2_1_5_D.BPPFI, CL2_1_5,200,1,0,49,49,49,49,0,0,0,0,0,0.005,0.018,0,0,0.025
N3C2W4_CL2_1_5_E.BPPFI, CL2_1_5,200,0,0.020408163,48,48,49,49,0,4204927,6016,3347341,3347341,0.005,0.02,2253.14,1263.6,3600.708
N3C2W4_CL2_3_3_A.BPPFI, CL2_3_3,200,0,0.020408163,48,48,49,49,0,4710711,7426,3808666,3808666,0.007,0.023,2263.603,1247.816,3600.172
N3C2W4_CL2_3_3_B.BPPFI, CL2_3_3,200,1,0,48,48,48,48,0,0,0,0,0,0.005,0.02,0,0,0.025
N3C2W4_CL2_3_3_C.BPPFI, CL2_3_3,200,0,0.019607843,50,50,51,51,0,5567729,9717,4447211,4447211,0.005,0.023,2215.115,1290.236,3600.354
N3C2W4_CL2_3_3_D.BPPFI, CL2_3_3,200,0,0.020408163,48,48,49,49,0,4012915,6459,3192144,3192144,0.005,0.02,2282.724,1241.504,3600.043
N3C2W4_CL2_3_3_E.BPPFI, CL2_3_3,200,1,0,47,48,48,48,0,920,1,721,721,0.005,0.018,0.662,0.482,1.289
N3C2W4_CL2_3_4_A.BPPFI, CL2_3_4,200,0,0.023255814,42,42,43,43,0,4117676,7337,3378326,3378326,0.006,0.019,2190.83,1333.739,3600.619
N3C2W4_CL2_3_4_B.BPPFI, CL2_3_4,200,0,0.023255814,42,42,43,43,0,4650102,8441,3837591,3837591,0.005,0.018,2161.772,1358.751,3600.195
N3C2W4_CL2_3_4_C.BPPFI, CL2_3_4,200,1,0,44,44,44,44,0,0,0,0,0,0.005,0.026,0,0,0.032
N3C2W4_CL2_3_4_D.BPPFI, CL2_3_4,200,0,0.023255814,42,42,43,43,0,3764553,5830,3070199,3070199,0.005,0.022,2190.555,1338.779,3600.528
N3C2W4_CL2_3_4_E.BPPFI, CL2_3_4,200,1,0,41,42,42,42,0,1037,1,838,838,0.005,0.019,0.854,0.698,1.689
N3C3W1_CL1_1_3_A.BPPFI, CL1_1_3,200,1,0,35,35,35,35,0,0,0,0,0,0.005,0.021,0,0,0.027
N3C3W1_CL1_1_3_B.BPPFI, CL1_1_3,200,1,0,38,38,38,38,0,0,0,0,0,0.005,0.018,0,0,0.024
N3C3W1_CL1_1_3_C.BPPFI, CL1_1_3,200,1,0,37,37,37,37,0,0,0,0,0,0.004,0.023,0,0,0.028
N3C3W1_CL1_1_3_D.BPPFI, CL1_1_3,200,1,0,34,34,34,34,0,0,0,0,0,0.005,0.019,0,0,0.024
N3C3W1_CL1_1_3_E.BPPFI, CL1_1_3,200,0,0.027027027,36,36,37,37,0,3237309,3758,2754814,2754814,0.005,0.02,2418.143,1117.264,3600.95
N3C3W1_CL1_1_5_A.BPPFI, CL1_1_5,200,1,0,24,24,24,24,0,0,0,0,0,0.007,0.026,0,0,0.034
N3C3W1_CL1_1_5_B.BPPFI, CL1_1_5,200,1,0,26,26,26,26,0,0,0,0,0,0.004,0.024,0,0,0.029
N3C3W1_CL1_1_5_C.BPPFI, CL1_1_5,200,1,0,25,25,25,25,0,0,0,0,0,0.007,0.031,0,0,0.039
N3C3W1_CL1_1_5_D.BPPFI, CL1_1_5,200,1,0,23,23,23,23,0,0,0,0,0,0.005,0.024,0,0,0.029
N3C3W1_CL1_1_5_E.BPPFI, CL1_1_5,200,1,0,25,25,25,25,0,0,0,0,0,0.005,0.027,0,0,0.032
N3C3W1_CL2_1_5_A.BPPFI, CL2_1_5,200,1,0,36,36,36,36,0,0,0,0,0,0.005,0.019,0,0,0.025
N3C3W1_CL2_1_5_B.BPPFI, CL2_1_5,200,1,0,38,38,38,38,0,0,0,0,0,0.004,0.019,0,0,0.024
N3C3W1_CL2_1_5_C.BPPFI, CL2_1_5,200,1,0,37,37,37,37,0,0,0,0,0,0.005,0.018,0,0,0.023
N3C3W1_CL2_1_5_D.BPPFI, CL2_1_5,200,1,0,35,35,36,35,0,93142,204,71833,71833,0.005,0.019,57.491,27.841,87.516
N3C3W1_CL2_1_5_E.BPPFI, CL2_1_5,200,0,0.027027027,36,36,37,37,0,3238311,4195,2698571,2698571,0.005,0.022,2360.788,1175.537,3600.595
N3C3W1_CL2_3_3_A.BPPFI, CL2_3_3,200,1,0,35,35,35,35,0,0,0,0,0,0.005,0.021,0,0,0.026
N3C3W1_CL2_3_3_B.BPPFI, CL2_3_3,200,1,0,37,38,38,38,0,6536,8,5350,5350,0.004,0.02,5.974,4.089,10.433
N3C3W1_CL2_3_3_C.BPPFI, CL2_3_3,200,0,0.027027027,36,36,37,37,0,4010349,5810,3382169,3382169,0.005,0.024,2320.226,1202.683,3600.294
N3C3W1_CL2_3_3_D.BPPFI, CL2_3_3,200,0,0.028571429,34,34,35,35,0,4534321,7769,3846613,3846613,0.005,0.018,2330.286,1184.765,3600.131
N3C3W1_CL2_3_3_E.BPPFI, CL2_3_3,200,1,0,36,36,36,36,0,0,0,0,0,0.007,0.024,0,0,0.032
N3C3W1_CL2_3_4_A.BPPFI, CL2_3_4,200,1,0,31,31,31,31,0,0,0,0,0,0.005,0.02,0,0,0.026
N3C3W1_CL2_3_4_B.BPPFI, CL2_3_4,200,1,0,33,33,33,33,0,0,0,0,0,0.004,0.022,0,0,0.027
N3C3W1_CL2_3_4_C.BPPFI, CL2_3_4,200,1,0,32,32,32,32,0,0,0,0,0,0.005,0.019,0,0,0.025
N3C3W1_CL2_3_4_D.BPPFI, CL2_3_4,200,0,0.032258065,30,30,31,31,0,5408087,11654,4691651,4691651,0.004,0.018,2145.136,1344.548,3600.079
N3C3W1_CL2_3_4_E.BPPFI, CL2_3_4,200,1,0,32,32,32,32,0,0,0,0,0,0.006,0.019,0,0,0.026
N3C3W2_CL1_1_3_A.BPPFI, CL1_1_3,200,1,0,43,44,44,44,0,1104,1,905,905,0.005,0.032,1.05,0.808,2.063
N3C3W2_CL1_1_3_B.BPPFI, CL1_1_3,200,0,0.023255814,42,42,43,43,0,3591625,5030,2974829,2974829,0.005,0.022,2272.686,1247.756,3600.278
N3C3W2_CL1_1_3_C.BPPFI, CL1_1_3,200,0,0.023255814,42,42,43,43,0,3205333,4221,2645089,2645089,0.005,0.024,2283.407,1238.516,3600.807
N3C3W2_CL1_1_3_D.BPPFI, CL1_1_3,200,1,0,41,41,41,41,0,0,0,0,0,0.005,0.022,0,0,0.027
N3C3W2_CL1_1_3_E.BPPFI, CL1_1_3,200,1,0,41,41,41,41,0,0,0,0,0,0.005,0.021,0,0,0.027
N3C3W2_CL1_1_5_A.BPPFI, CL1_1_5,200,1,0,29,29,29,29,0,0,0,0,0,0.007,0.026,0,0,0.034
N3C3W2_CL1_1_5_B.BPPFI, CL1_1_5,200,0,0.034482759,28,28,29,29,0,2240705,2908,1945426,1945426,0.006,0.029,2327.401,1199.437,3600.749
N3C3W2_CL1_1_5_C.BPPFI, CL1_1_5,200,0,0.034482759,28,28,29,29,0,1995500,2189,1734185,1734185,0.006,0.025,2335.841,1197.363,3602.257
N3C3W2_CL1_1_5_D.BPPFI, CL1_1_5,200,0,0.035714286,27,27,28,28,0,1715565,2731,1464142,1464142,0.005,0.046,2412.695,1125.243,3601.95
N3C3W2_CL1_1_5_E.BPPFI, CL1_1_5,200,0,0.035714286,27,27,28,28,0,1800514,3541,1525457,1525457,0.005,0.026,2447.71,1087.944,3600.098
N3C3W2_CL2_1_5_A.BPPFI, CL2_1_5,200,0,0.022727273,43,43,44,44,0,3317261,4692,2693408,2693408,0.006,0.023,2251.066,1270.568,3600.81
N3C3W2_CL2_1_5_B.BPPFI, CL2_1_5,200,1,0,42,43,43,43,0,1071,1,872,872,0.01,0.025,1.057,0.817,2.087
N3C3W2_CL2_1_5_C.BPPFI, CL2_1_5,200,1,0,42,43,43,43,0,1036,1,837,837,0.005,0.021,0.899,0.682,1.76
N3C3W2_CL2_1_5_D.BPPFI, CL2_1_5,200,1,0,42,42,42,42,0,0,0,0,0,0.005,0.02,0,0,0.025
N3C3W2_CL2_1_5_E.BPPFI, CL2_1_5,200,1,0,41,42,42,42,0,1014,1,815,815,0.005,0.019,0.869,0.639,1.671
N3C3W2_CL2_3_3_A.BPPFI, CL2_3_3,200,0,0.023255814,42,42,43,43,0,3920595,6192,3235330,3235330,0.006,0.025,2258.911,1255.353,3600.577
N3C3W2_CL2_3_3_B.BPPFI, CL2_3_3,200,1,0,41,42,42,42,0,275724,368,222064,222064,0.006,0.02,204.233,115.421,327.147
N3C3W2_CL2_3_3_C.BPPFI, CL2_3_3,200,1,0,41,42,42,42,0,615983,870,502592,502592,0.006,0.023,473.685,258.484,748.855
N3C3W2_CL2_3_3_D.BPPFI, CL2_3_3,200,1,0,40,41,41,41,0,985,1,786,786,0.004,0.024,0.886,0.673,1.741
N3C3W2_CL2_3_3_E.BPPFI, CL2_3_3,200,1,0,40,41,41,41,0,5549,6,4557,4557,0.007,0.024,4.545,3.572,8.465
N3C3W2_CL2_3_4_A.BPPFI, CL2_3_4,200,1,0,37,37,37,37,0,0,0,0,0,0.006,0.027,0,0,0.033
N3C3W2_CL2_3_4_B.BPPFI, CL2_3_4,200,0,0.027027027,36,36,37,37,0,2660227,3625,2209992,2209992,0.006,0.021,2219.536,1305.366,3600.552
N3C3W2_CL2_3_4_C.BPPFI, CL2_3_4,200,0,0.027027027,36,36,37,37,0,2739045,3891,2276136,2276136,0.006,0.021,2199.744,1326.025,3600.809
N3C3W2_CL2_3_4_D.BPPFI, CL2_3_4,200,1,0,35,36,36,36,0,1184,1,985,985,0.005,0.026,1.244,1.039,2.492
N3C3W2_CL2_3_4_E.BPPFI, CL2_3_4,200,1,0,35,36,36,36,0,13240,19,10880,10880,0.005,0.021,12.594,9.715,22.97
N3C3W4_CL1_1_3_A.BPPFI, CL1_1_3,200,0,0.021276596,46,46,47,47,0,4038007,5994,3289195,3289195,0.005,0.027,2183.396,1330.324,3600.139
N3C3W4_CL1_1_3_B.BPPFI, CL1_1_3,200,0,0.02173913,45,45,46,46,0,3498444,5034,2844567,2844567,0.006,0.028,2205.988,1310.384,3600.041
N3C3W4_CL1_1_3_C.BPPFI, CL1_1_3,200,1,0,46,46,46,46,0,0,0,0,0,0.005,0.023,0,0,0.029
N3C3W4_CL1_1_3_D.BPPFI, CL1_1_3,200,0,0.02173913,45,45,46,46,0,3873824,6402,3152630,3152630,0.005,0.019,2197.33,1317.374,3600.479
N3C3W4_CL1_1_3_E.BPPFI, CL1_1_3,200,0,0.022222222,44,44,45,45,0,3503324,5173,2850501,2850501,0.005,0.019,2196.489,1324.667,3600.94
N3C3W4_CL1_1_5_A.BPPFI, CL1_1_5,200,1,0,31,31,31,31,0,0,0,0,0,0.005,0.025,0,0,0.031
N3C3W4_CL1_1_5_B.BPPFI, CL1_1_5,200,0,0.032258065,30,30,31,31,0,2245698,4351,1911944,1911944,0.005,0.038,2271.368,1265.278,3600.966
N3C3W4_CL1_1_5_C.BPPFI, CL1_1_5,200,1,0,30,31,31,31,0,1333,1,1134,1134,0.004,0.025,1.734,1.477,3.417
N3C3W4_CL1_1_5_D.BPPFI, CL1_1_5,200,0,0.032258065,30,30,31,31,0,2297275,3418,1968510,1968510,0.004,0.046,2265.066,1272.772,3600.772
N3C3W4_CL1_1_5_E.BPPFI, CL1_1_5,200,1,0,30,30,30,30,0,0,0,0,0,0.005,0.026,0,0,0.032
N3C3W4_CL2_1_5_A.BPPFI, CL2_1_5,200,1,0,44,45,45,45,0,1002,1,803,803,0.006,0.019,0.761,0.656,1.567
N3C3W4_CL2_1_5_B.BPPFI, CL2_1_5,200,0,0.022222222,44,44,45,45,0,3645965,5077,2931560,2931560,0.007,0.025,2221.045,1308.936,3600.291
N3C3W4_CL2_1_5_C.BPPFI, CL2_1_5,200,1,0,44,45,45,45,0,226172,297,181357,181357,0.005,0.022,143.977,90.113,238.897
N3C3W4_CL2_1_5_D.BPPFI, CL2_1_5,200,0,0.022222222,44,44,45,45,0,3664496,5247,2944987,2944987,0.006,0.019,2208.704,1321.551,3600.034
N3C3W4_CL2_1_5_E.BPPFI, CL2_1_5,200,1,0,43,44,44,44,0,932,1,733,733,0.004,0.021,0.741,0.575,1.47
N3C3W4_CL2_3_3_A.BPPFI, CL2_3_3,200,1,0,43,44,44,44,0,1012,1,813,813,0.005,0.02,0.769,0.652,1.57
N3C3W4_CL2_3_3_B.BPPFI, CL2_3_3,200,0,0.022727273,43,43,44,44,0,3765322,5277,3070701,3070701,0.006,0.019,2220.715,1310.443,3600.559
N3C3W4_CL2_3_3_C.BPPFI, CL2_3_3,200,0,0.022727273,43,43,44,44,0,3652362,4889,2970602,2970602,0.005,0.022,2217.653,1313.46,3600.33
N3C3W4_CL2_3_3_D.BPPFI, CL2_3_3,200,0,0.022727273,43,43,44,44,0,3788949,5120,3088578,3088578,0.005,0.021,2228.2,1300.638,3600.539
N3C3W4_CL2_3_3_E.BPPFI, CL2_3_3,200,1,0,42,43,43,43,0,947,1,748,748,0.005,0.026,0.767,0.623,1.567
N3C3W4_CL2_3_4_A.BPPFI, CL2_3_4,200,0,0.025641026,38,38,39,39,0,3698533,6503,3087613,3087613,0.006,0.03,2148.293,1373.297,3600.146
N3C3W4_CL2_3_4_B.BPPFI, CL2_3_4,200,1,0,37,38,38,38,0,1087,1,888,888,0.007,0.022,1.054,0.975,2.214
N3C3W4_CL2_3_4_C.BPPFI, CL2_3_4,200,1,0,38,38,38,38,0,0,0,0,0,0.006,0.021,0,0,0.028
N3C3W4_CL2_3_4_D.BPPFI, CL2_3_4,200,1,0,37,38,38,38,0,1062,1,863,863,0.005,0.021,0.937,0.868,1.965
N3C3W4_CL2_3_4_E.BPPFI, CL2_3_4,200,0,0.026315789,37,37,38,38,0,2906971,4215,2396562,2396562,0.006,0.025,2170.056,1359.172,3601.05
