Name,Class,N, #Node, #Node-P,#Col, #PriceCnt, LB0,LB, UB0,UB,Opt,Time
N1C1W1_CL1_1_3_A,CL1_1_3,50,1,0,373,37,13,13,13,13,1,0.19
N1C1W1_CL1_1_3_B,CL1_1_3,50,1,0,359,36,14,15,15,15,1,0.08
N1C1W1_CL1_1_3_C,CL1_1_3,50,1,0,411,41,11,11,11,11,1,0.06
N1C1W1_CL1_1_3_D,CL1_1_3,50,1,36,395,162,13,13,14,13,1,0.50
N1C1W1_CL1_1_3_E,CL1_1_3,50,1,0,323,32,13,13,13,13,1,0.06
N1C1W1_CL1_1_5_A,CL1_1_5,50,1,0,439,44,9,9,9,9,1,0.08
N1C1W1_CL1_1_5_B,CL1_1_5,50,1,0,460,46,10,10,10,10,1,0.11
N1C1W1_CL1_1_5_C,CL1_1_5,50,5,16,1577,250,7,7,8,7,1,23.99
N1C1W1_CL1_1_5_D,CL1_1_5,50,1,0,419,42,9,9,9,9,1,0.06
N1C1W1_CL1_1_5_E,CL1_1_5,50,1,0,379,38,9,9,9,9,1,0.06
N1C1W1_CL2_1_5_A,CL2_1_5,50,1,0,291,29,11,11,11,11,1,0.03
N1C1W1_CL2_1_5_B,CL2_1_5,50,1,0,323,32,13,13,13,13,1,0.03
N1C1W1_CL2_1_5_C,CL2_1_5,50,1,0,390,39,10,10,10,10,1,0.05
N1C1W1_CL2_1_5_D,CL2_1_5,50,1,0,334,35,12,12,12,12,1,0.03
N1C1W1_CL2_1_5_E,CL2_1_5,50,1,0,231,23,11,11,11,11,1,0.02
N1C1W1_CL2_3_3_A,CL2_3_3,50,11,20,832,164,11,11,12,11,1,1.27
N1C1W1_CL2_3_3_B,CL2_3_3,50,1,0,343,34,13,13,13,13,1,0.03
N1C1W1_CL2_3_3_C,CL2_3_3,50,1,0,311,31,10,10,11,10,1,0.03
N1C1W1_CL2_3_3_D,CL2_3_3,50,1,0,322,32,12,12,12,12,1,0.03
N1C1W1_CL2_3_3_E,CL2_3_3,50,1,0,352,35,12,12,12,12,1,0.03
N1C1W1_CL2_3_4_A,CL2_3_4,50,1,0,320,32,10,10,10,10,1,0.03
N1C1W1_CL2_3_4_B,CL2_3_4,50,1,0,312,31,11,11,12,11,1,0.05
N1C1W1_CL2_3_4_C,CL2_3_4,50,1,0,469,47,9,9,9,9,1,0.06
N1C1W1_CL2_3_4_D,CL2_3_4,50,1,0,411,41,11,11,11,11,1,0.05
N1C1W1_CL2_3_4_E,CL2_3_4,50,1,0,351,35,10,10,11,10,1,0.05
N1C1W2_CL1_1_3_A,CL1_1_3,50,1,0,334,33,13,14,14,14,1,0.03
N1C1W2_CL1_1_3_B,CL1_1_3,50,1,0,315,31,15,15,15,15,1,0.03
N1C1W2_CL1_1_3_C,CL1_1_3,50,1,0,286,28,16,16,16,16,1,0.03
N1C1W2_CL1_1_3_D,CL1_1_3,50,1,0,285,28,15,15,15,15,1,0.03
N1C1W2_CL1_1_3_E,CL1_1_3,50,1,0,277,27,16,17,17,17,1,0.02
N1C1W2_CL1_1_5_A,CL1_1_5,50,1,3,518,61,9,9,10,9,1,0.58
N1C1W2_CL1_1_5_B,CL1_1_5,50,1,0,321,32,10,10,11,10,1,0.03
N1C1W2_CL1_1_5_C,CL1_1_5,50,1,0,461,46,11,11,11,11,1,0.05
N1C1W2_CL1_1_5_D,CL1_1_5,50,1,0,390,39,10,10,10,10,1,0.06
N1C1W2_CL1_1_5_E,CL1_1_5,50,1,0,322,32,11,11,12,11,1,0.05
N1C1W2_CL2_1_5_A,CL2_1_5,50,1,0,282,28,12,12,12,12,1,0.03
N1C1W2_CL2_1_5_B,CL2_1_5,50,1,0,334,34,12,13,13,13,1,0.03
N1C1W2_CL2_1_5_C,CL2_1_5,50,318,37,1807,939,13,13,14,14,1,5.11
N1C1W2_CL2_1_5_D,CL2_1_5,50,1,0,333,33,13,13,13,13,1,0.02
N1C1W2_CL2_1_5_E,CL2_1_5,50,1,0,314,31,14,14,14,14,1,0.03
N1C1W2_CL2_3_3_A,CL2_3_3,50,1,0,282,28,12,12,12,12,1,0.02
N1C1W2_CL2_3_3_B,CL2_3_3,50,1,0,344,35,13,13,13,13,1,0.03
N1C1W2_CL2_3_3_C,CL2_3_3,50,1,0,340,35,14,14,14,14,1,0.03
N1C1W2_CL2_3_3_D,CL2_3_3,50,1,0,333,33,13,13,13,13,1,0.03
N1C1W2_CL2_3_3_E,CL2_3_3,50,1,0,361,36,14,14,14,14,1,0.03
N1C1W2_CL2_3_4_A,CL2_3_4,50,1,0,361,36,11,11,11,11,1,0.03
N1C1W2_CL2_3_4_B,CL2_3_4,50,1,0,331,33,11,11,11,11,1,0.03
N1C1W2_CL2_3_4_C,CL2_3_4,50,1,0,302,30,12,12,12,12,1,0.03
N1C1W2_CL2_3_4_D,CL2_3_4,50,5,49,502,219,11,11,12,11,1,0.59
N1C1W2_CL2_3_4_E,CL2_3_4,50,1,0,302,30,12,12,12,12,1,0.03
N1C1W4_CL1_1_3_A,CL1_1_3,50,1,0,236,23,16,16,16,16,1,0.03
N1C1W4_CL1_1_3_B,CL1_1_3,50,1,0,248,24,17,18,18,18,1,0.02
N1C1W4_CL1_1_3_C,CL1_1_3,50,1,0,246,24,16,16,16,16,1,0.03
N1C1W4_CL1_1_3_D,CL1_1_3,50,1,0,248,24,17,17,18,17,1,0.03
N1C1W4_CL1_1_3_E,CL1_1_3,50,1,0,217,21,17,17,17,17,1,0.03
N1C1W4_CL1_1_5_A,CL1_1_5,50,1,0,361,36,11,11,11,11,1,0.05
N1C1W4_CL1_1_5_B,CL1_1_5,50,1,0,312,31,12,12,12,12,1,0.03
N1C1W4_CL1_1_5_C,CL1_1_5,50,1,0,411,41,11,11,11,11,1,0.05
N1C1W4_CL1_1_5_D,CL1_1_5,50,1,0,402,40,12,12,12,12,1,0.03
N1C1W4_CL1_1_5_E,CL1_1_5,50,1,0,555,62,11,12,12,12,1,0.22
N1C1W4_CL2_1_5_A,CL2_1_5,50,1,0,352,38,13,14,14,14,1,0.03
N1C1W4_CL2_1_5_B,CL2_1_5,50,1,0,224,22,14,14,14,14,1,0.02
N1C1W4_CL2_1_5_C,CL2_1_5,50,1,0,304,30,13,13,14,13,1,0.03
N1C1W4_CL2_1_5_D,CL2_1_5,50,1,0,275,27,14,14,15,14,1,0.03
N1C1W4_CL2_1_5_E,CL2_1_5,50,1,0,264,26,14,14,14,14,1,0.03
N1C1W4_CL2_3_3_A,CL2_3_3,50,1,0,273,27,13,13,13,13,1,0.03
N1C1W4_CL2_3_3_B,CL2_3_3,50,1,0,214,21,14,14,14,14,1,0.03
N1C1W4_CL2_3_3_C,CL2_3_3,50,1,0,223,22,13,13,13,13,1,0.03
N1C1W4_CL2_3_3_D,CL2_3_3,50,1,0,293,29,14,15,15,15,1,0.03
N1C1W4_CL2_3_3_E,CL2_3_3,50,1,8,316,50,14,14,15,14,1,0.06
N1C1W4_CL2_3_4_A,CL2_3_4,50,1,0,332,33,12,12,12,12,1,0.03
N1C1W4_CL2_3_4_B,CL2_3_4,50,57,25,1077,295,12,12,13,13,1,1.83
N1C1W4_CL2_3_4_C,CL2_3_4,50,1,0,352,35,12,12,12,12,1,0.04
N1C1W4_CL2_3_4_D,CL2_3_4,50,1,0,332,33,12,13,13,13,1,0.03
N1C1W4_CL2_3_4_E,CL2_3_4,50,1,0,353,35,12,13,13,13,1,0.03
N1C2W1_CL1_1_3_A,CL1_1_3,50,1,0,361,36,11,11,11,11,1,0.03
N1C2W1_CL1_1_3_B,CL1_1_3,50,1,0,383,38,12,13,13,13,1,0.04
N1C2W1_CL1_1_3_C,CL1_1_3,50,1,0,322,32,12,12,12,12,1,0.03
N1C2W1_CL1_1_3_D,CL1_1_3,50,524,36,6051,2041,11,11,12,12,1,16.03
N1C2W1_CL1_1_3_E,CL1_1_3,50,1,0,554,58,9,10,10,10,1,0.06
N1C2W1_CL1_1_5_A,CL1_1_5,50,1,0,398,40,7,7,8,7,1,0.05
N1C2W1_CL1_1_5_B,CL1_1_5,50,1,0,517,53,9,9,9,9,1,0.05
N1C2W1_CL1_1_5_C,CL1_1_5,50,1,0,428,43,8,8,8,8,1,0.05
N1C2W1_CL1_1_5_D,CL1_1_5,50,1,0,558,56,8,8,8,8,1,0.06
N1C2W1_CL1_1_5_E,CL1_1_5,50,1,0,713,73,7,7,7,7,1,0.09
N1C2W1_CL2_1_5_A,CL2_1_5,50,1,0,400,40,10,10,10,10,1,0.05
N1C2W1_CL2_1_5_B,CL2_1_5,50,1,0,271,27,11,11,11,11,1,0.03
N1C2W1_CL2_1_5_C,CL2_1_5,50,1,0,371,37,11,11,11,11,1,0.03
N1C2W1_CL2_1_5_D,CL2_1_5,50,6,23,773,158,10,10,11,10,1,0.88
N1C2W1_CL2_1_5_E,CL2_1_5,50,1,0,429,43,9,9,9,9,1,0.03
N1C2W1_CL2_3_3_A,CL2_3_3,50,1,0,280,28,10,10,10,10,1,0.03
N1C2W1_CL2_3_3_B,CL2_3_3,50,1,0,231,23,11,11,11,11,1,0.03
N1C2W1_CL2_3_3_C,CL2_3_3,50,1,0,331,33,11,11,11,11,1,0.03
N1C2W1_CL2_3_3_D,CL2_3_3,50,1,0,381,38,11,11,11,11,1,0.03
N1C2W1_CL2_3_3_E,CL2_3_3,50,1,0,409,41,9,9,9,9,1,0.03
N1C2W1_CL2_3_4_A,CL2_3_4,50,1,0,379,38,9,9,9,9,1,0.05
N1C2W1_CL2_3_4_B,CL2_3_4,50,1,0,370,37,10,10,10,10,1,0.05
N1C2W1_CL2_3_4_C,CL2_3_4,50,1,0,400,40,10,10,10,10,1,0.05
N1C2W1_CL2_3_4_D,CL2_3_4,50,1,0,520,52,10,10,10,10,1,0.06
N1C2W1_CL2_3_4_E,CL2_3_4,50,1,0,378,38,8,8,8,8,1,0.03
N1C2W2_CL1_1_3_A,CL1_1_3,50,1,0,343,34,13,13,13,13,1,0.03
N1C2W2_CL1_1_3_B,CL1_1_3,50,1,0,344,34,14,14,14,14,1,0.02
N1C2W2_CL1_1_3_C,CL1_1_3,50,1,0,304,30,14,14,14,14,1,0.05
N1C2W2_CL1_1_3_D,CL1_1_3,50,1,0,353,35,13,13,13,13,1,0.03
N1C2W2_CL1_1_3_E,CL1_1_3,50,1,34,380,117,15,15,16,15,1,0.14
N1C2W2_CL1_1_5_A,CL1_1_5,50,1,0,529,53,9,9,9,9,1,0.06
N1C2W2_CL1_1_5_B,CL1_1_5,50,1,0,752,78,9,10,10,10,1,1.55
N1C2W2_CL1_1_5_C,CL1_1_5,50,1,0,460,46,10,10,10,10,1,0.05
N1C2W2_CL1_1_5_D,CL1_1_5,50,1,0,529,53,9,9,9,9,1,0.06
N1C2W2_CL1_1_5_E,CL1_1_5,50,1,0,370,37,10,10,10,10,1,0.05
N1C2W2_CL2_1_5_A,CL2_1_5,50,1,0,362,36,11,11,12,11,1,0.03
N1C2W2_CL2_1_5_B,CL2_1_5,50,1,0,272,27,12,12,12,12,1,0.03
N1C2W2_CL2_1_5_C,CL2_1_5,50,772,59,3619,2207,12,12,13,12,1,9.25
N1C2W2_CL2_1_5_D,CL2_1_5,50,1,0,281,28,11,11,11,11,1,0.03
N1C2W2_CL2_1_5_E,CL2_1_5,50,1,0,313,31,13,13,13,13,1,0.03
N1C2W2_CL2_3_3_A,CL2_3_3,50,1,0,492,59,12,11,12,12,1,0.19
N1C2W2_CL2_3_3_B,CL2_3_3,50,1,0,272,27,12,12,12,12,1,0.02
N1C2W2_CL2_3_3_C,CL2_3_3,50,1,0,262,26,12,12,12,12,1,0.03
N1C2W2_CL2_3_3_D,CL2_3_3,50,3719,29,12753,13590,11,11,12,12,1,94.97
N1C2W2_CL2_3_3_E,CL2_3_3,50,1,0,323,32,13,13,13,13,1,0.02
N1C2W2_CL2_3_4_A,CL2_3_4,50,1,0,370,37,10,10,10,10,1,0.05
N1C2W2_CL2_3_4_B,CL2_3_4,50,1,0,421,42,11,11,11,11,1,0.05
N1C2W2_CL2_3_4_C,CL2_3_4,50,1,0,351,35,11,11,11,11,1,0.03
N1C2W2_CL2_3_4_D,CL2_3_4,50,1,0,340,34,10,10,10,10,1,0.03
N1C2W2_CL2_3_4_E,CL2_3_4,50,33858,38,36812,114058,11,11,12,12,1,679.66
N1C2W4_CL1_1_3_A,CL1_1_3,50,1,0,309,31,14,15,15,15,1,0.03
N1C2W4_CL1_1_3_B,CL1_1_3,50,1,0,325,32,15,15,15,15,1,0.03
N1C2W4_CL1_1_3_C,CL1_1_3,50,1,0,327,33,14,15,15,15,1,0.03
N1C2W4_CL1_1_3_D,CL1_1_3,50,1,0,294,29,14,14,14,14,1,0.03
N1C2W4_CL1_1_3_E,CL1_1_3,50,1,0,325,32,15,15,15,15,1,0.02
N1C2W4_CL1_1_5_A,CL1_1_5,50,1,0,470,47,10,10,10,10,1,0.06
N1C2W4_CL1_1_5_B,CL1_1_5,50,1,0,420,42,10,10,10,10,1,0.05
N1C2W4_CL1_1_5_C,CL1_1_5,50,1,0,390,39,10,10,10,10,1,0.05
N1C2W4_CL1_1_5_D,CL1_1_5,50,1,0,409,41,9,9,9,9,1,0.05
N1C2W4_CL1_1_5_E,CL1_1_5,50,1,0,380,38,10,10,10,10,1,0.05
N1C2W4_CL2_1_5_A,CL2_1_5,50,83873,46,45623,214284,12,12,13,13,1,695.58
N1C2W4_CL2_1_5_B,CL2_1_5,50,1,0,363,36,13,13,13,13,1,0.03
N1C2W4_CL2_1_5_C,CL2_1_5,50,7,39,548,183,12,12,13,13,1,0.55
N1C2W4_CL2_1_5_D,CL2_1_5,50,1,0,292,29,12,12,12,12,1,0.03
N1C2W4_CL2_1_5_E,CL2_1_5,50,1,0,353,35,12,13,13,13,1,0.03
N1C2W4_CL2_3_3_A,CL2_3_3,50,1,0,312,31,12,12,12,12,1,0.03
N1C2W4_CL2_3_3_B,CL2_3_3,50,6,11,523,102,12,12,13,13,1,0.34
N1C2W4_CL2_3_3_C,CL2_3_3,50,1,0,262,26,12,12,12,12,1,0.03
N1C2W4_CL2_3_3_D,CL2_3_3,50,1,0,302,30,12,12,12,12,1,0.03
N1C2W4_CL2_3_3_E,CL2_3_3,50,133,26,1564,518,12,12,13,13,1,2.81
N1C2W4_CL2_3_4_A,CL2_3_4,50,1,0,371,37,11,11,11,11,1,0.05
N1C2W4_CL2_3_4_B,CL2_3_4,50,1,0,351,35,11,11,11,11,1,0.05
N1C2W4_CL2_3_4_C,CL2_3_4,50,1,0,391,39,11,11,11,11,1,0.05
N1C2W4_CL2_3_4_D,CL2_3_4,50,1,0,391,39,11,11,11,11,1,0.03
N1C2W4_CL2_3_4_E,CL2_3_4,50,1,0,341,34,11,11,11,11,1,0.03
N1C3W1_CL1_1_3_A,CL1_1_3,50,1,0,380,38,9,9,10,9,1,0.03
N1C3W1_CL1_1_3_B,CL1_1_3,50,1,0,389,39,9,9,9,9,1,0.03
N1C3W1_CL1_1_3_C,CL1_1_3,50,1,0,450,45,10,10,10,10,1,0.05
N1C3W1_CL1_1_3_D,CL1_1_3,50,1,0,391,39,11,11,11,11,1,0.03
N1C3W1_CL1_1_3_E,CL1_1_3,50,1,0,419,42,9,9,9,9,1,0.05
N1C3W1_CL1_1_5_A,CL1_1_5,50,1,0,467,47,6,6,7,6,1,0.06
N1C3W1_CL1_1_5_B,CL1_1_5,50,1,0,536,54,6,6,6,6,1,0.06
N1C3W1_CL1_1_5_C,CL1_1_5,50,1,0,647,65,7,7,7,7,1,0.11
N1C3W1_CL1_1_5_D,CL1_1_5,50,1,0,497,50,7,7,7,7,1,0.06
N1C3W1_CL1_1_5_E,CL1_1_5,50,1,0,496,50,6,6,6,6,1,0.06
N1C3W1_CL2_1_5_A,CL2_1_5,50,1,0,329,33,9,9,9,9,1,0.03
N1C3W1_CL2_1_5_B,CL2_1_5,50,1,0,469,47,9,9,9,9,1,0.05
N1C3W1_CL2_1_5_C,CL2_1_5,50,1,0,677,71,9,10,10,10,1,0.31
N1C3W1_CL2_1_5_D,CL2_1_5,50,1,0,360,36,10,10,10,10,1,0.03
N1C3W1_CL2_1_5_E,CL2_1_5,50,1,0,469,47,9,9,9,9,1,0.05
N1C3W1_CL2_3_3_A,CL2_3_3,50,1,0,399,40,9,9,9,9,1,0.05
N1C3W1_CL2_3_3_B,CL2_3_3,50,1,0,500,54,9,9,10,9,1,0.11
N1C3W1_CL2_3_3_C,CL2_3_3,50,1,0,635,65,10,10,10,10,1,0.31
N1C3W1_CL2_3_3_D,CL2_3_3,50,1,0,380,38,10,10,10,10,1,0.05
N1C3W1_CL2_3_3_E,CL2_3_3,50,1,0,409,41,9,9,9,9,1,0.05
N1C3W1_CL2_3_4_A,CL2_3_4,50,1,0,268,27,8,8,8,8,1,0.06
N1C3W1_CL2_3_4_B,CL2_3_4,50,1,0,388,39,8,8,8,8,1,0.05
N1C3W1_CL2_3_4_C,CL2_3_4,50,1,0,529,53,9,9,9,9,1,0.06
N1C3W1_CL2_3_4_D,CL2_3_4,50,1,0,389,39,9,9,9,9,1,0.05
N1C3W1_CL2_3_4_E,CL2_3_4,50,1,0,448,45,8,8,8,8,1,0.05
N1C3W2_CL1_1_3_A,CL1_1_3,50,1,0,381,38,11,11,11,11,1,0.05
N1C3W2_CL1_1_3_B,CL1_1_3,50,1,0,582,62,11,12,12,12,1,0.30
N1C3W2_CL1_1_3_C,CL1_1_3,50,1,0,303,30,12,12,13,12,1,0.03
N1C3W2_CL1_1_3_D,CL1_1_3,50,939,28,10043,3530,11,11,12,12,1,40.65
N1C3W2_CL1_1_3_E,CL1_1_3,50,1,0,342,34,12,12,12,12,1,0.03
N1C3W2_CL1_1_5_A,CL1_1_5,50,1,0,467,47,7,7,7,7,1,0.06
N1C3W2_CL1_1_5_B,CL1_1_5,50,1,0,598,60,8,8,8,8,1,0.08
N1C3W2_CL1_1_5_C,CL1_1_5,50,1,0,458,46,8,8,8,8,1,0.05
N1C3W2_CL1_1_5_D,CL1_1_5,50,1,0,578,58,8,8,8,8,1,0.06
N1C3W2_CL1_1_5_E,CL1_1_5,50,1,0,478,48,8,8,8,8,1,0.05
N1C3W2_CL2_1_5_A,CL2_1_5,50,1,0,380,38,10,10,10,10,1,0.03
N1C3W2_CL2_1_5_B,CL2_1_5,50,97,17,2207,484,10,10,11,11,1,6.34
N1C3W2_CL2_1_5_C,CL2_1_5,50,1,0,361,36,11,11,11,11,1,0.03
N1C3W2_CL2_1_5_D,CL2_1_5,50,75,26,1896,435,10,10,11,11,1,5.49
N1C3W2_CL2_1_5_E,CL2_1_5,50,1,0,401,40,11,11,11,11,1,0.05
N1C3W2_CL2_3_3_A,CL2_3_3,50,1,0,370,37,10,10,10,10,1,0.03
N1C3W2_CL2_3_3_B,CL2_3_3,50,924,15,7863,3497,10,10,11,11,1,40.38
N1C3W2_CL2_3_3_C,CL2_3_3,50,1,0,351,35,11,11,11,11,1,0.03
N1C3W2_CL2_3_3_D,CL2_3_3,50,8407,23,37373,32694,10,10,11,10,1,254.05
N1C3W2_CL2_3_3_E,CL2_3_3,50,1,0,451,45,11,11,11,11,1,0.05
N1C3W2_CL2_3_4_A,CL2_3_4,50,1,0,409,41,9,9,9,9,1,0.05
N1C3W2_CL2_3_4_B,CL2_3_4,50,1,0,399,40,9,9,9,9,1,0.03
N1C3W2_CL2_3_4_C,CL2_3_4,50,1,0,470,47,10,10,10,10,1,0.05
N1C3W2_CL2_3_4_D,CL2_3_4,50,1,0,340,34,9,9,10,9,1,0.03
N1C3W2_CL2_3_4_E,CL2_3_4,50,1,0,480,48,10,10,10,10,1,0.05
N1C3W4_CL1_1_3_A,CL1_1_3,50,1,0,342,34,12,12,12,12,1,0.06
N1C3W4_CL1_1_3_B,CL1_1_3,50,1,0,424,44,12,12,13,12,1,0.08
N1C3W4_CL1_1_3_C,CL1_1_3,50,1,0,323,32,13,13,13,13,1,0.03
N1C3W4_CL1_1_3_D,CL1_1_3,50,1,0,362,36,12,12,12,12,1,0.03
N1C3W4_CL1_1_3_E,CL1_1_3,50,1,0,353,35,13,13,13,13,1,0.03
N1C3W4_CL1_1_5_A,CL1_1_5,50,1,0,488,49,8,8,8,8,1,0.05
N1C3W4_CL1_1_5_B,CL1_1_5,50,1,0,309,31,8,8,9,8,1,0.03
N1C3W4_CL1_1_5_C,CL1_1_5,50,1,0,469,47,9,9,9,9,1,0.05
N1C3W4_CL1_1_5_D,CL1_1_5,50,1,0,468,47,8,8,8,8,1,0.06
N1C3W4_CL1_1_5_E,CL1_1_5,50,1,0,509,51,9,9,9,9,1,0.06
N1C3W4_CL2_1_5_A,CL2_1_5,50,1,0,371,37,11,11,11,11,1,0.05
N1C3W4_CL2_1_5_B,CL2_1_5,50,1,0,321,32,11,11,11,11,1,0.05
N1C3W4_CL2_1_5_C,CL2_1_5,50,1,0,370,39,11,12,12,12,1,0.05
N1C3W4_CL2_1_5_D,CL2_1_5,50,1,0,371,37,11,11,11,11,1,0.05
N1C3W4_CL2_1_5_E,CL2_1_5,50,1,0,341,34,11,11,11,11,1,0.05
N1C3W4_CL2_3_3_A,CL2_3_3,50,1,0,351,35,11,11,11,11,1,0.05
N1C3W4_CL2_3_3_B,CL2_3_3,50,1,0,391,39,11,11,11,11,1,0.05
N1C3W4_CL2_3_3_C,CL2_3_3,50,1,0,524,54,11,12,12,12,1,0.13
N1C3W4_CL2_3_3_D,CL2_3_3,50,1,0,391,39,11,11,11,11,1,0.05
N1C3W4_CL2_3_3_E,CL2_3_3,50,1,0,351,35,11,11,11,11,1,0.03
N1C3W4_CL2_3_4_A,CL2_3_4,50,1,0,480,48,10,10,10,10,1,0.05
N1C3W4_CL2_3_4_B,CL2_3_4,50,1,0,420,42,10,10,10,10,1,0.05
N1C3W4_CL2_3_4_C,CL2_3_4,50,1,0,390,39,10,10,10,10,1,0.03
N1C3W4_CL2_3_4_D,CL2_3_4,50,1,0,480,48,10,10,10,10,1,0.05
N1C3W4_CL2_3_4_E,CL2_3_4,50,1,0,370,37,10,10,10,10,1,0.05
N2C1W1_CL1_1_3_A,CL1_1_3,100,1,0,644,63,23,23,24,23,1,0.13
N2C1W1_CL1_1_3_B,CL1_1_3,100,1,0,854,84,24,24,24,24,1,0.17
N2C1W1_CL1_1_3_C,CL1_1_3,100,1,0,990,98,23,23,23,23,1,0.20
N2C1W1_CL1_1_3_D,CL1_1_3,100,1,0,794,78,24,24,24,24,1,0.16
N2C1W1_CL1_1_3_E,CL1_1_3,100,1,0,677,66,27,27,27,27,1,0.11
N2C1W1_CL1_1_5_A,CL1_1_5,100,1,0,1066,106,16,16,16,16,1,0.39
N2C1W1_CL1_1_5_B,CL1_1_5,100,1,0,1166,116,16,16,16,16,1,0.41
N2C1W1_CL1_1_5_C,CL1_1_5,100,1,0,1560,160,16,15,16,16,1,2.31
N2C1W1_CL1_1_5_D,CL1_1_5,100,13421,65,69290,89929,16,16,17,16,1,2326.21
N2C1W1_CL1_1_5_E,CL1_1_5,100,1,0,1048,104,18,18,18,18,1,0.28
N2C1W1_CL2_1_5_A,CL2_1_5,100,1,0,802,79,23,23,23,23,1,0.16
N2C1W1_CL2_1_5_B,CL2_1_5,100,1,0,882,87,22,22,22,22,1,0.17
N2C1W1_CL2_1_5_C,CL2_1_5,100,1,0,702,69,22,22,22,22,1,0.14
N2C1W1_CL2_1_5_D,CL2_1_5,100,1,0,763,75,23,23,23,23,1,0.16
N2C1W1_CL2_1_5_E,CL2_1_5,100,1,0,791,80,23,23,24,23,1,0.19
N2C1W1_CL2_3_3_A,CL2_3_3,100,1,0,939,97,22,22,23,22,1,0.42
N2C1W1_CL2_3_3_B,CL2_3_3,100,1,0,888,90,22,22,23,22,1,0.25
N2C1W1_CL2_3_3_C,CL2_3_3,100,1,0,802,79,22,22,22,22,1,0.14
N2C1W1_CL2_3_3_D,CL2_3_3,100,1,0,1300,137,23,22,23,23,1,0.89
N2C1W1_CL2_3_3_E,CL2_3_3,100,1,0,824,81,24,24,24,24,1,0.14
N2C1W1_CL2_3_4_A,CL2_3_4,100,1,0,750,74,19,19,20,19,1,0.14
N2C1W1_CL2_3_4_B,CL2_3_4,100,1,0,865,86,20,20,20,20,1,0.16
N2C1W1_CL2_3_4_C,CL2_3_4,100,1,0,899,89,19,19,19,19,1,0.20
N2C1W1_CL2_3_4_D,CL2_3_4,100,9776,65,40166,65785,19,19,20,20,1,2344.59
N2C1W1_CL2_3_4_E,CL2_3_4,100,1,0,762,75,21,21,22,21,1,0.16
N2C1W2_CL1_1_3_A,CL1_1_3,100,1,0,659,64,28,29,29,29,1,0.11
N2C1W2_CL1_1_3_B,CL1_1_3,100,1,173,822,537,28,28,29,28,1,1.48
N2C1W2_CL1_1_3_C,CL1_1_3,100,134034,215,47714,414918,29,29,30,30,0,3600.03
N2C1W2_CL1_1_3_D,CL1_1_3,100,1,0,493,47,32,33,33,33,1,0.08
N2C1W2_CL1_1_3_E,CL1_1_3,100,1,0,620,60,29,30,30,30,1,0.11
N2C1W2_CL1_1_5_A,CL1_1_5,100,1,0,811,80,21,21,21,21,1,0.20
N2C1W2_CL1_1_5_B,CL1_1_5,100,58013,77,70698,256449,19,19,20,20,0,3600.10
N2C1W2_CL1_1_5_C,CL1_1_5,100,1,0,850,84,20,20,20,20,1,0.25
N2C1W2_CL1_1_5_D,CL1_1_5,100,1,0,792,78,22,22,22,22,1,0.19
N2C1W2_CL1_1_5_E,CL1_1_5,100,1,0,962,95,21,22,22,22,1,0.22
N2C1W2_CL2_1_5_A,CL2_1_5,100,1,0,656,64,26,26,26,26,1,0.11
N2C1W2_CL2_1_5_B,CL2_1_5,100,1,0,676,66,26,26,26,26,1,0.13
N2C1W2_CL2_1_5_C,CL2_1_5,100,1,0,547,53,26,26,27,26,1,0.09
N2C1W2_CL2_1_5_D,CL2_1_5,100,1,0,470,45,28,29,30,29,1,0.08
N2C1W2_CL2_1_5_E,CL2_1_5,100,1,0,607,59,26,26,27,26,1,0.09
N2C1W2_CL2_3_3_A,CL2_3_3,100,1,0,626,61,26,26,26,26,1,0.09
N2C1W2_CL2_3_3_B,CL2_3_3,100,1,0,709,70,25,26,26,26,1,0.13
N2C1W2_CL2_3_3_C,CL2_3_3,100,1,0,647,63,26,26,27,26,1,0.11
N2C1W2_CL2_3_3_D,CL2_3_3,100,1,0,588,57,27,27,28,27,1,0.11
N2C1W2_CL2_3_3_E,CL2_3_3,100,87280,235,31202,282887,26,26,27,27,0,3600.03
N2C1W2_CL2_3_4_A,CL2_3_4,100,1,0,835,85,23,23,24,23,1,0.23
N2C1W2_CL2_3_4_B,CL2_3_4,100,1,0,842,83,22,22,22,22,1,0.17
N2C1W2_CL2_3_4_C,CL2_3_4,100,55919,77,45452,219850,22,22,23,23,0,3600.06
N2C1W2_CL2_3_4_D,CL2_3_4,100,1,0,604,59,24,24,24,24,1,0.13
N2C1W2_CL2_3_4_E,CL2_3_4,100,1,0,806,80,23,24,24,24,1,0.17
N2C1W4_CL1_1_3_A,CL1_1_3,100,1,0,493,47,32,33,33,33,1,0.06
N2C1W4_CL1_1_3_B,CL1_1_3,100,1,0,641,65,32,32,33,32,1,0.16
N2C1W4_CL1_1_3_C,CL1_1_3,100,1,0,539,52,33,34,34,34,1,0.09
N2C1W4_CL1_1_3_D,CL1_1_3,100,1,0,525,50,34,35,35,35,1,0.09
N2C1W4_CL1_1_3_E,CL1_1_3,100,1,0,523,50,32,33,33,33,1,0.09
N2C1W4_CL1_1_5_A,CL1_1_5,100,1,0,792,78,22,22,22,22,1,0.19
N2C1W4_CL1_1_5_B,CL1_1_5,100,1,0,782,77,22,22,22,22,1,0.17
N2C1W4_CL1_1_5_C,CL1_1_5,100,1,0,614,60,23,23,24,23,1,0.14
N2C1W4_CL1_1_5_D,CL1_1_5,100,1,0,894,88,23,24,24,24,1,0.19
N2C1W4_CL1_1_5_E,CL1_1_5,100,1,0,833,82,22,23,23,23,1,0.16
N2C1W4_CL2_1_5_A,CL2_1_5,100,1,0,549,53,28,29,29,29,1,0.09
N2C1W4_CL2_1_5_B,CL2_1_5,100,1,0,578,56,27,27,28,27,1,0.11
N2C1W4_CL2_1_5_C,CL2_1_5,100,97593,159,27162,249550,28,28,29,29,1,2405.64
N2C1W4_CL2_1_5_D,CL2_1_5,100,1,0,614,60,28,29,29,29,1,0.11
N2C1W4_CL2_1_5_E,CL2_1_5,100,1,0,578,56,28,28,28,28,1,0.10
N2C1W4_CL2_3_3_A,CL2_3_3,100,1,9,727,96,27,27,28,27,1,0.33
N2C1W4_CL2_3_3_B,CL2_3_3,100,1,101,703,323,27,27,28,27,1,0.71
N2C1W4_CL2_3_3_C,CL2_3_3,100,1,0,552,54,28,29,29,29,1,0.09
N2C1W4_CL2_3_3_D,CL2_3_3,100,1,0,532,53,28,29,30,29,1,0.09
N2C1W4_CL2_3_3_E,CL2_3_3,100,1,0,621,61,27,28,28,28,1,0.10
N2C1W4_CL2_3_4_A,CL2_3_4,100,1,105,858,412,24,24,25,24,1,1.06
N2C1W4_CL2_3_4_B,CL2_3_4,100,1,0,663,65,23,23,23,23,1,0.16
N2C1W4_CL2_3_4_C,CL2_3_4,100,1,0,724,71,24,24,24,24,1,0.17
N2C1W4_CL2_3_4_D,CL2_3_4,100,1,0,644,63,24,24,24,24,1,0.13
N2C1W4_CL2_3_4_E,CL2_3_4,100,5,56,1100,298,23,23,24,24,1,1.82
N2C2W1_CL1_1_3_A,CL1_1_3,100,1,10,1203,147,21,21,22,21,1,1.04
N2C2W1_CL1_1_3_B,CL1_1_3,100,1,0,685,67,24,24,25,24,1,0.13
N2C2W1_CL1_1_3_C,CL1_1_3,100,1,0,841,83,21,21,21,21,1,0.19
N2C2W1_CL1_1_3_D,CL1_1_3,100,1,0,752,74,22,22,22,22,1,0.16
N2C2W1_CL1_1_3_E,CL1_1_3,100,1,0,731,72,21,21,21,21,1,0.16
N2C2W1_CL1_1_5_A,CL1_1_5,100,1,0,1285,128,15,15,15,15,1,0.39
N2C2W1_CL1_1_5_B,CL1_1_5,100,1,0,977,97,17,17,17,17,1,0.27
N2C2W1_CL1_1_5_C,CL1_1_5,100,1,0,1245,124,15,15,15,15,1,0.38
N2C2W1_CL1_1_5_D,CL1_1_5,100,7975,50,107261,76167,15,15,16,16,0,3600.20
N2C2W1_CL1_1_5_E,CL1_1_5,100,1,0,1365,136,15,15,15,15,1,0.43
N2C2W1_CL2_1_5_A,CL2_1_5,100,43794,146,63680,220869,21,21,22,22,0,3600.07
N2C2W1_CL2_1_5_B,CL2_1_5,100,1,0,654,64,23,23,24,23,1,0.13
N2C2W1_CL2_1_5_C,CL2_1_5,100,2084,114,10818,10162,21,21,22,21,1,194.85
N2C2W1_CL2_1_5_D,CL2_1_5,100,1,0,763,75,22,22,23,22,1,0.14
N2C2W1_CL2_1_5_E,CL2_1_5,100,1,0,691,68,21,21,21,21,1,0.13
N2C2W1_CL2_3_3_A,CL2_3_3,100,1,0,790,78,20,20,20,20,1,0.14
N2C2W1_CL2_3_3_B,CL2_3_3,100,1,0,783,77,22,22,23,22,1,0.14
N2C2W1_CL2_3_3_C,CL2_3_3,100,1,0,750,74,20,20,20,20,1,0.16
N2C2W1_CL2_3_3_D,CL2_3_3,100,1,0,722,71,21,21,22,21,1,0.14
N2C2W1_CL2_3_3_E,CL2_3_3,100,1,0,860,85,20,20,20,20,1,0.20
N2C2W1_CL2_3_4_A,CL2_3_4,100,1,0,1171,117,18,18,18,18,1,0.25
N2C2W1_CL2_3_4_B,CL2_3_4,100,1,0,730,72,19,19,20,19,1,0.17
N2C2W1_CL2_3_4_C,CL2_3_4,100,1,0,1379,139,17,18,18,18,1,0.84
N2C2W1_CL2_3_4_D,CL2_3_4,100,1,0,899,89,18,18,19,18,1,0.25
N2C2W1_CL2_3_4_E,CL2_3_4,100,7,40,1454,350,17,17,18,17,1,3.49
N2C2W2_CL1_1_3_A,CL1_1_3,100,1,0,706,69,26,26,26,26,1,0.14
N2C2W2_CL1_1_3_B,CL1_1_3,100,51327,162,37708,186047,27,27,28,28,1,2877.06
N2C2W2_CL1_1_3_C,CL1_1_3,100,1,0,667,65,27,27,27,27,1,0.13
N2C2W2_CL1_1_3_D,CL1_1_3,100,1,0,726,71,26,26,26,26,1,0.14
N2C2W2_CL1_1_3_E,CL1_1_3,100,110149,182,64495,394094,26,26,27,26,1,2799.62
N2C2W2_CL1_1_5_A,CL1_1_5,100,1,0,978,97,18,18,18,18,1,0.30
N2C2W2_CL1_1_5_B,CL1_1_5,100,1,0,869,86,19,19,19,19,1,0.22
N2C2W2_CL1_1_5_C,CL1_1_5,100,1,0,1109,110,19,19,19,19,1,0.28
N2C2W2_CL1_1_5_D,CL1_1_5,100,1,0,998,99,18,18,18,18,1,0.30
N2C2W2_CL1_1_5_E,CL1_1_5,100,1,0,789,78,18,18,19,18,1,0.20
N2C2W2_CL2_1_5_A,CL2_1_5,100,13443,112,15940,48668,24,24,25,25,1,980.32
N2C2W2_CL2_1_5_B,CL2_1_5,100,1,0,605,59,25,25,25,25,1,0.13
N2C2W2_CL2_1_5_C,CL2_1_5,100,1,0,645,63,25,25,25,25,1,0.13
N2C2W2_CL2_1_5_D,CL2_1_5,100,2,133,822,480,24,24,25,24,1,1.47
N2C2W2_CL2_1_5_E,CL2_1_5,100,1,0,804,82,24,25,25,25,1,0.23
N2C2W2_CL2_3_3_A,CL2_3_3,100,1,0,704,69,24,24,24,24,1,0.14
N2C2W2_CL2_3_3_B,CL2_3_3,100,45202,98,25281,162068,24,24,25,25,1,2955.04
N2C2W2_CL2_3_3_C,CL2_3_3,100,1,0,634,62,24,24,24,24,1,0.13
N2C2W2_CL2_3_3_D,CL2_3_3,100,1,0,648,64,23,24,24,24,1,0.11
N2C2W2_CL2_3_3_E,CL2_3_3,100,1,0,704,69,24,24,24,24,1,0.13
N2C2W2_CL2_3_4_A,CL2_3_4,100,15424,123,28629,68309,20,20,21,20,1,1054.20
N2C2W2_CL2_3_4_B,CL2_3_4,100,1,0,672,66,21,21,22,21,1,0.16
N2C2W2_CL2_3_4_C,CL2_3_4,100,1,0,901,89,20,21,21,21,1,0.22
N2C2W2_CL2_3_4_D,CL2_3_4,100,48834,111,63696,216821,20,20,21,21,0,3600.06
N2C2W2_CL2_3_4_E,CL2_3_4,100,1,0,1055,107,20,21,21,21,1,0.63
N2C2W4_CL1_1_3_A,CL1_1_3,100,8498,226,21415,29641,27,27,28,27,1,162.37
N2C2W4_CL1_1_3_B,CL1_1_3,100,6585,143,15703,24119,28,28,29,29,1,322.61
N2C2W4_CL1_1_3_C,CL1_1_3,100,1,0,649,63,29,30,30,30,1,0.11
N2C2W4_CL1_1_3_D,CL1_1_3,100,1,0,649,63,29,29,29,29,1,0.13
N2C2W4_CL1_1_3_E,CL1_1_3,100,1,0,609,59,29,29,29,29,1,0.11
N2C2W4_CL1_1_5_A,CL1_1_5,100,1,0,989,98,19,19,19,19,1,0.27
N2C2W4_CL1_1_5_B,CL1_1_5,100,1,0,900,89,20,20,20,20,1,0.22
N2C2W4_CL1_1_5_C,CL1_1_5,100,1,0,908,90,20,21,21,21,1,0.20
N2C2W4_CL1_1_5_D,CL1_1_5,100,1,0,880,87,20,20,20,20,1,0.23
N2C2W4_CL1_1_5_E,CL1_1_5,100,1,0,850,84,20,20,20,20,1,0.20
N2C2W4_CL2_1_5_A,CL2_1_5,100,1,0,645,63,25,25,25,25,1,0.13
N2C2W4_CL2_1_5_B,CL2_1_5,100,1,0,606,59,25,26,26,26,1,0.11
N2C2W4_CL2_1_5_C,CL2_1_5,100,1,0,576,56,26,26,26,26,1,0.11
N2C2W4_CL2_1_5_D,CL2_1_5,100,1,0,636,62,26,26,26,26,1,0.14
N2C2W4_CL2_1_5_E,CL2_1_5,100,1,0,646,63,26,26,26,26,1,0.11
N2C2W4_CL2_3_3_A,CL2_3_3,100,481,52,3450,1878,24,24,25,25,1,38.45
N2C2W4_CL2_3_3_B,CL2_3_3,100,1,0,555,54,25,25,25,25,1,0.11
N2C2W4_CL2_3_3_C,CL2_3_3,100,63,63,1336,413,25,25,26,26,1,4.84
N2C2W4_CL2_3_3_D,CL2_3_3,100,1,0,566,55,25,25,26,25,1,0.11
N2C2W4_CL2_3_3_E,CL2_3_3,100,1,0,676,66,25,25,26,25,1,0.13
N2C2W4_CL2_3_4_A,CL2_3_4,100,1,0,801,79,21,21,21,21,1,0.19
N2C2W4_CL2_3_4_B,CL2_3_4,100,174,79,3874,1177,21,21,22,21,1,18.23
N2C2W4_CL2_3_4_C,CL2_3_4,100,1,0,732,72,22,22,22,22,1,0.17
N2C2W4_CL2_3_4_D,CL2_3_4,100,1,0,832,82,21,22,22,22,1,0.19
N2C2W4_CL2_3_4_E,CL2_3_4,100,1,0,802,79,21,22,22,22,1,0.17
N2C3W1_CL1_1_3_A,CL1_1_3,100,1,0,970,96,20,20,20,20,1,0.17
N2C3W1_CL1_1_3_B,CL1_1_3,100,1,0,899,89,19,19,19,19,1,0.20
N2C3W1_CL1_1_3_C,CL1_1_3,100,1,0,790,78,19,19,20,19,1,0.17
N2C3W1_CL1_1_3_D,CL1_1_3,100,41925,114,131737,232112,20,20,21,21,0,3600.10
N2C3W1_CL1_1_3_E,CL1_1_3,100,1,0,939,93,19,19,19,19,1,0.22
N2C3W1_CL1_1_5_A,CL1_1_5,100,1,0,2240,226,14,14,14,14,1,24.64
N2C3W1_CL1_1_5_B,CL1_1_5,100,1,0,1103,110,13,13,13,13,1,0.34
N2C3W1_CL1_1_5_C,CL1_1_5,100,534,35,42170,8651,13,13,14,13,1,945.64
N2C3W1_CL1_1_5_D,CL1_1_5,100,1,0,1024,102,14,14,14,14,1,0.33
N2C3W1_CL1_1_5_E,CL1_1_5,100,1,0,1283,128,13,13,13,13,1,0.48
N2C3W1_CL2_1_5_A,CL2_1_5,100,1,0,720,71,20,20,20,20,1,0.14
N2C3W1_CL2_1_5_B,CL2_1_5,100,1,0,770,76,20,20,20,20,1,0.16
N2C3W1_CL2_1_5_C,CL2_1_5,100,1,0,711,70,20,20,21,20,1,0.14
N2C3W1_CL2_1_5_D,CL2_1_5,100,1,0,841,83,21,21,21,21,1,0.19
N2C3W1_CL2_1_5_E,CL2_1_5,100,1,0,910,90,20,20,20,20,1,0.20
N2C3W1_CL2_3_3_A,CL2_3_3,100,1,0,949,94,19,19,19,19,1,0.19
N2C3W1_CL2_3_3_B,CL2_3_3,100,1,0,1251,131,19,18,19,19,1,0.84
N2C3W1_CL2_3_3_C,CL2_3_3,100,1,0,924,92,19,19,19,19,1,0.17
N2C3W1_CL2_3_3_D,CL2_3_3,100,959,58,10494,6821,19,19,20,20,1,222.11
N2C3W1_CL2_3_3_E,CL2_3_3,100,21779,69,56224,130835,18,18,19,19,0,3600.08
N2C3W1_CL2_3_4_A,CL2_3_4,100,1,0,1711,174,16,17,17,17,1,8.11
N2C3W1_CL2_3_4_B,CL2_3_4,100,1,89,1410,530,16,16,17,16,1,2.83
N2C3W1_CL2_3_4_C,CL2_3_4,100,6668,35,97579,65997,16,16,17,17,0,3600.11
N2C3W1_CL2_3_4_D,CL2_3_4,100,1,0,1037,103,17,17,17,17,1,0.28
N2C3W1_CL2_3_4_E,CL2_3_4,100,1,0,1192,121,16,16,17,16,1,2.27
N2C3W2_CL1_1_3_A,CL1_1_3,100,1,0,927,92,22,23,23,23,1,0.17
N2C3W2_CL1_1_3_B,CL1_1_3,100,39,159,1819,740,23,23,24,23,1,5.16
N2C3W2_CL1_1_3_C,CL1_1_3,100,1,0,923,91,22,23,23,23,1,0.19
N2C3W2_CL1_1_3_D,CL1_1_3,100,1,0,783,77,23,23,23,23,1,0.17
N2C3W2_CL1_1_3_E,CL1_1_3,100,1,0,882,87,22,22,22,22,1,0.20
N2C3W2_CL1_1_5_A,CL1_1_5,100,1,0,1640,165,15,16,16,16,1,25.25
N2C3W2_CL1_1_5_B,CL1_1_5,100,1,0,1036,103,16,16,16,16,1,0.34
N2C3W2_CL1_1_5_C,CL1_1_5,100,1,0,1573,159,16,16,16,16,1,18.47
N2C3W2_CL1_1_5_D,CL1_1_5,100,1,0,1206,120,16,16,16,16,1,0.41
N2C3W2_CL1_1_5_E,CL1_1_5,100,1,0,1035,103,15,15,15,15,1,0.38
N2C3W2_CL2_1_5_A,CL2_1_5,100,1,0,662,65,22,22,22,22,1,0.14
N2C3W2_CL2_1_5_B,CL2_1_5,100,1,0,832,83,22,23,23,23,1,0.17
N2C3W2_CL2_1_5_C,CL2_1_5,100,1,0,672,66,22,22,22,22,1,0.14
N2C3W2_CL2_1_5_D,CL2_1_5,100,47513,98,41990,191350,22,22,23,23,0,3600.06
N2C3W2_CL2_1_5_E,CL2_1_5,100,1,0,792,78,22,22,22,22,1,0.19
N2C3W2_CL2_3_3_A,CL2_3_3,100,1,0,781,77,21,21,21,21,1,0.17
N2C3W2_CL2_3_3_B,CL2_3_3,100,1,0,941,95,22,22,22,22,1,0.34
N2C3W2_CL2_3_3_C,CL2_3_3,100,1,0,741,73,21,21,21,21,1,0.16
N2C3W2_CL2_3_3_D,CL2_3_3,100,1,0,632,62,21,21,22,21,1,0.13
N2C3W2_CL2_3_3_E,CL2_3_3,100,1,0,791,78,21,21,21,21,1,0.16
N2C3W2_CL2_3_4_A,CL2_3_4,100,1,0,839,83,18,18,19,18,1,0.19
N2C3W2_CL2_3_4_B,CL2_3_4,100,1,0,1012,101,18,19,19,19,1,0.25
N2C3W2_CL2_3_4_C,CL2_3_4,100,1,0,908,90,18,18,18,18,1,0.25
N2C3W2_CL2_3_4_D,CL2_3_4,100,14503,82,96572,101469,18,18,19,19,0,3600.11
N2C3W2_CL2_3_4_E,CL2_3_4,100,1,0,948,94,18,18,18,18,1,0.27
N2C3W4_CL1_1_3_A,CL1_1_3,100,1,0,744,73,24,24,24,24,1,0.16
N2C3W4_CL1_1_3_B,CL1_1_3,100,1,0,755,74,24,25,25,25,1,0.14
N2C3W4_CL1_1_3_C,CL1_1_3,100,1,0,743,73,23,23,23,23,1,0.17
N2C3W4_CL1_1_3_D,CL1_1_3,100,1,0,784,77,24,24,24,24,1,0.17
N2C3W4_CL1_1_3_E,CL1_1_3,100,1,0,853,86,26,26,27,26,1,0.22
N2C3W4_CL1_1_5_A,CL1_1_5,100,937,27,42035,10485,16,16,17,17,1,3056.02
N2C3W4_CL1_1_5_B,CL1_1_5,100,1,0,977,97,17,17,17,17,1,0.30
N2C3W4_CL1_1_5_C,CL1_1_5,100,1,0,1196,119,16,16,16,16,1,0.37
N2C3W4_CL1_1_5_D,CL1_1_5,100,1,0,1526,153,16,17,17,17,1,13.83
N2C3W4_CL1_1_5_E,CL1_1_5,100,1,0,1046,104,16,16,16,16,1,0.33
N2C3W4_CL2_1_5_A,CL2_1_5,100,1,0,693,68,23,23,23,23,1,0.14
N2C3W4_CL2_1_5_B,CL2_1_5,100,1,0,831,86,23,23,24,23,1,0.31
N2C3W4_CL2_1_5_C,CL2_1_5,100,1,0,915,92,22,23,23,23,1,0.31
N2C3W4_CL2_1_5_D,CL2_1_5,100,1,0,793,78,23,23,23,23,1,0.16
N2C3W4_CL2_1_5_E,CL2_1_5,100,1,0,682,67,22,22,22,22,1,0.14
N2C3W4_CL2_3_3_A,CL2_3_3,100,1,0,752,74,22,22,22,22,1,0.19
N2C3W4_CL2_3_3_B,CL2_3_3,100,675,48,4751,2743,22,22,23,23,1,95.20
N2C3W4_CL2_3_3_C,CL2_3_3,100,1,0,829,82,21,22,22,22,1,0.17
N2C3W4_CL2_3_3_D,CL2_3_3,100,1,0,692,68,22,22,22,22,1,0.15
N2C3W4_CL2_3_3_E,CL2_3_3,100,1,0,733,72,23,23,23,23,1,0.14
N2C3W4_CL2_3_4_A,CL2_3_4,100,1,0,879,87,19,19,19,19,1,0.25
N2C3W4_CL2_3_4_B,CL2_3_4,100,1,0,880,87,19,19,20,19,1,0.21
N2C3W4_CL2_3_4_C,CL2_3_4,100,1,0,1039,103,18,19,19,19,1,0.27
N2C3W4_CL2_3_4_D,CL2_3_4,100,1,0,760,75,19,19,20,19,1,0.17
N2C3W4_CL2_3_4_E,CL2_3_4,100,1,0,890,88,19,20,20,20,1,0.21
N3C1W1_CL1_1_3_A,CL1_1_3,200,1,0,1720,168,50,50,50,50,1,0.91
N3C1W1_CL1_1_3_B,CL1_1_3,200,1,0,1922,188,52,52,52,52,1,1.19
N3C1W1_CL1_1_3_C,CL1_1_3,200,16172,579,47146,84569,47,47,48,48,0,3600.33
N3C1W1_CL1_1_3_D,CL1_1_3,200,1,0,1812,177,52,52,52,52,1,1.02
N3C1W1_CL1_1_3_E,CL1_1_3,200,1,0,2107,207,47,47,47,47,1,1.79
N3C1W1_CL1_1_5_A,CL1_1_5,200,4516,131,85521,47130,33,33,34,34,0,3600.53
N3C1W1_CL1_1_5_B,CL1_1_5,200,13680,362,50276,93876,36,36,37,37,0,3600.58
N3C1W1_CL1_1_5_C,CL1_1_5,200,8915,208,74807,72448,32,32,33,33,0,3600.65
N3C1W1_CL1_1_5_D,CL1_1_5,200,1,0,2885,286,35,35,35,35,1,4.41
N3C1W1_CL1_1_5_E,CL1_1_5,200,1,0,2752,273,32,32,32,32,1,4.09
N3C1W1_CL2_1_5_A,CL2_1_5,200,1,0,1647,161,47,47,47,47,1,0.88
N3C1W1_CL2_1_5_B,CL2_1_5,200,67576,806,51409,261902,46,46,47,47,0,3600.30
N3C1W1_CL2_1_5_C,CL2_1_5,200,1,159,1985,785,43,43,44,43,1,4.47
N3C1W1_CL2_1_5_D,CL2_1_5,200,1,0,1696,167,47,48,48,48,1,1.06
N3C1W1_CL2_1_5_E,CL2_1_5,200,1,0,1834,180,43,43,44,43,1,1.02
N3C1W1_CL2_3_3_A,CL2_3_3,200,1,0,1855,182,45,45,45,45,1,1.02
N3C1W1_CL2_3_3_B,CL2_3_3,200,1,0,1698,167,46,47,47,47,1,0.86
N3C1W1_CL2_3_3_C,CL2_3_3,200,15219,586,33788,81267,44,44,45,45,0,3600.29
N3C1W1_CL2_3_3_D,CL2_3_3,200,1,0,1657,162,47,47,47,47,1,0.83
N3C1W1_CL2_3_3_E,CL2_3_3,200,8855,545,30603,52045,43,43,44,44,0,3600.21
N3C1W1_CL2_3_4_A,CL2_3_4,200,1,0,2410,241,39,40,40,40,1,2.47
N3C1W1_CL2_3_4_B,CL2_3_4,200,1,0,2252,224,41,41,42,41,1,2.09
N3C1W1_CL2_3_4_C,CL2_3_4,200,1,0,2138,211,38,38,38,38,1,1.44
N3C1W1_CL2_3_4_D,CL2_3_4,200,1,0,2070,204,40,40,40,40,1,1.31
N3C1W1_CL2_3_4_E,CL2_3_4,200,1,0,1808,178,38,38,38,38,1,1.14
N3C1W2_CL1_1_3_A,CL1_1_3,200,1,0,1537,149,56,57,57,57,1,0.83
N3C1W2_CL1_1_3_B,CL1_1_3,200,24510,553,24170,87695,58,58,59,59,0,3600.09
N3C1W2_CL1_1_3_C,CL1_1_3,200,1,375,1615,1239,58,58,59,58,1,5.53
N3C1W2_CL1_1_3_D,CL1_1_3,200,1,0,1316,131,61,62,62,62,1,0.53
N3C1W2_CL1_1_3_E,CL1_1_3,200,1,0,1359,131,59,59,59,59,1,0.56
N3C1W2_CL1_1_5_A,CL1_1_5,200,1,0,2339,231,39,39,39,39,1,2.69
N3C1W2_CL1_1_5_B,CL1_1_5,200,191,92,7418,1909,37,37,38,38,1,130.58
N3C1W2_CL1_1_5_C,CL1_1_5,200,1,0,2160,213,40,40,40,40,1,2.22
N3C1W2_CL1_1_5_D,CL1_1_5,200,1,0,1962,193,42,42,42,42,1,1.50
N3C1W2_CL1_1_5_E,CL1_1_5,200,12257,404,44106,82541,40,40,41,41,0,3600.38
N3C1W2_CL2_1_5_A,CL2_1_5,200,35,218,2218,918,49,49,50,50,1,15.48
N3C1W2_CL2_1_5_B,CL2_1_5,200,1,0,1491,145,50,51,51,51,1,0.65
N3C1W2_CL2_1_5_C,CL2_1_5,200,1,575,1655,1768,50,50,51,50,1,8.57
N3C1W2_CL2_1_5_D,CL2_1_5,200,1,0,1203,116,52,52,53,52,1,0.52
N3C1W2_CL2_1_5_E,CL2_1_5,200,1,0,1511,147,51,51,51,51,1,0.69
N3C1W2_CL2_3_3_A,CL2_3_3,200,1,0,1526,149,50,51,51,51,1,0.77
N3C1W2_CL2_3_3_B,CL2_3_3,200,1,0,1311,127,50,50,51,50,1,0.64
N3C1W2_CL2_3_3_C,CL2_3_3,200,1,2,1628,173,51,51,52,51,1,1.58
N3C1W2_CL2_3_3_D,CL2_3_3,200,1,0,1263,122,53,53,53,53,1,0.56
N3C1W2_CL2_3_3_E,CL2_3_3,200,1,0,1342,130,52,52,52,52,1,0.63
N3C1W2_CL2_3_4_A,CL2_3_4,200,1,0,1634,160,44,44,44,44,1,0.98
N3C1W2_CL2_3_4_B,CL2_3_4,200,1,0,1754,172,44,44,44,44,1,1.22
N3C1W2_CL2_3_4_C,CL2_3_4,200,11721,227,29749,64346,43,43,44,44,0,3600.19
N3C1W2_CL2_3_4_D,CL2_3_4,200,1,0,1595,156,45,45,45,45,1,1.05
N3C1W2_CL2_3_4_E,CL2_3_4,200,1,0,1485,145,45,45,45,45,1,0.77
N3C1W4_CL1_1_3_A,CL1_1_3,200,1,0,1016,96,64,65,66,65,1,0.34
N3C1W4_CL1_1_3_B,CL1_1_3,200,1,0,1154,110,62,63,64,63,1,0.44
N3C1W4_CL1_1_3_C,CL1_1_3,200,1,0,1183,113,62,63,63,63,1,0.45
N3C1W4_CL1_1_3_D,CL1_1_3,200,91498,1453,28042,285230,66,67,68,68,0,3600.10
N3C1W4_CL1_1_3_E,CL1_1_3,200,1,0,1135,108,64,65,65,65,1,0.39
N3C1W4_CL1_1_5_A,CL1_1_5,200,1,0,1934,190,44,44,44,44,1,1.78
N3C1W4_CL1_1_5_B,CL1_1_5,200,1,0,1793,176,43,43,43,43,1,1.48
N3C1W4_CL1_1_5_C,CL1_1_5,200,1,0,1943,191,43,43,43,43,1,1.56
N3C1W4_CL1_1_5_D,CL1_1_5,200,1,0,1474,144,43,43,44,43,1,0.95
N3C1W4_CL1_1_5_E,CL1_1_5,200,16199,337,34940,84154,41,41,42,42,0,3600.33
N3C1W4_CL2_1_5_A,CL2_1_5,200,1,0,1196,115,54,55,56,55,1,0.46
N3C1W4_CL2_1_5_B,CL2_1_5,200,1,0,1274,123,53,53,54,53,1,0.57
N3C1W4_CL2_1_5_C,CL2_1_5,200,1,0,1213,117,53,53,53,53,1,0.54
N3C1W4_CL2_1_5_D,CL2_1_5,200,1,0,1186,114,54,55,56,55,1,0.47
N3C1W4_CL2_1_5_E,CL2_1_5,200,1,0,1234,119,53,54,54,54,1,0.51
N3C1W4_CL2_3_3_A,CL2_3_3,200,1,0,1266,122,54,55,56,55,1,0.54
N3C1W4_CL2_3_3_B,CL2_3_3,200,1,0,1165,112,54,54,55,54,1,0.58
N3C1W4_CL2_3_3_C,CL2_3_3,200,1,0,1255,121,53,54,55,54,1,0.56
N3C1W4_CL2_3_3_D,CL2_3_3,200,459,211,4108,2012,54,54,56,55,1,87.36
N3C1W4_CL2_3_3_E,CL2_3_3,200,1,0,1194,115,53,53,54,53,1,0.53
N3C1W4_CL2_3_4_A,CL2_3_4,200,1,0,1518,148,47,48,48,48,1,0.92
N3C1W4_CL2_3_4_B,CL2_3_4,200,1,0,1447,141,47,47,47,47,1,0.92
N3C1W4_CL2_3_4_C,CL2_3_4,200,1,0,1517,148,47,47,47,47,1,0.94
N3C1W4_CL2_3_4_D,CL2_3_4,200,1,0,1725,172,47,48,48,48,1,1.34
N3C1W4_CL2_3_4_E,CL2_3_4,200,14267,263,28218,69082,46,46,47,47,0,3600.21
N3C2W1_CL1_1_3_A,CL1_1_3,200,1,0,1797,176,47,47,47,47,1,1.03
N3C2W1_CL1_1_3_B,CL1_1_3,200,1,0,2244,221,44,44,44,44,1,1.86
N3C2W1_CL1_1_3_C,CL1_1_3,200,1,28,2429,314,42,42,43,42,1,3.36
N3C2W1_CL1_1_3_D,CL1_1_3,200,1,265,2719,1614,42,42,43,42,1,11.06
N3C2W1_CL1_1_3_E,CL1_1_3,200,42570,474,101300,186291,43,43,44,44,0,3600.47
N3C2W1_CL1_1_5_A,CL1_1_5,200,1,0,3440,342,30,30,30,30,1,7.97
N3C2W1_CL1_1_5_B,CL1_1_5,200,1,0,3418,340,28,28,28,28,1,6.63
N3C2W1_CL1_1_5_C,CL1_1_5,200,1,0,3429,341,29,29,29,29,1,10.02
N3C2W1_CL1_1_5_D,CL1_1_5,200,1,0,3069,305,29,29,29,29,1,6.05
N3C2W1_CL1_1_5_E,CL1_1_5,200,5418,144,106555,58110,29,29,30,30,0,3600.85
N3C2W1_CL2_1_5_A,CL2_1_5,200,1,0,1873,185,43,43,43,43,1,1.02
N3C2W1_CL2_1_5_B,CL2_1_5,200,1,0,1951,192,41,41,41,41,1,1.38
N3C2W1_CL2_1_5_C,CL2_1_5,200,27372,572,49066,120663,41,41,42,41,1,3342.10
N3C2W1_CL2_1_5_D,CL2_1_5,200,1,0,2254,225,41,41,41,41,1,2.14
N3C2W1_CL2_1_5_E,CL2_1_5,200,1,0,1811,178,41,41,41,41,1,1.20
N3C2W1_CL2_3_3_A,CL2_3_3,200,1,0,1723,169,42,42,43,42,1,0.86
N3C2W1_CL2_3_3_B,CL2_3_3,200,15442,601,36315,76878,40,40,41,41,0,3600.32
N3C2W1_CL2_3_3_C,CL2_3_3,200,1,0,1932,190,41,41,42,41,1,1.06
N3C2W1_CL2_3_3_D,CL2_3_3,200,1,0,1780,175,40,40,40,40,1,1.16
N3C2W1_CL2_3_3_E,CL2_3_3,200,1,0,2203,220,41,41,41,41,1,1.94
N3C2W1_CL2_3_4_A,CL2_3_4,200,1,0,2267,224,37,37,37,37,1,1.70
N3C2W1_CL2_3_4_B,CL2_3_4,200,8716,302,64672,76564,35,35,36,36,0,3600.38
N3C2W1_CL2_3_4_C,CL2_3_4,200,1,0,2116,209,36,36,36,36,1,1.45
N3C2W1_CL2_3_4_D,CL2_3_4,200,1,269,2403,1719,35,35,36,35,1,10.08
N3C2W1_CL2_3_4_E,CL2_3_4,200,1,0,2286,226,36,36,36,36,1,1.69
N3C2W2_CL1_1_3_A,CL1_1_3,200,1,0,1303,126,52,52,53,52,1,0.67
N3C2W2_CL1_1_3_B,CL1_1_3,200,30188,707,43993,137252,50,50,51,51,0,3600.26
N3C2W2_CL1_1_3_C,CL1_1_3,200,1,0,1402,136,51,51,52,51,1,0.67
N3C2W2_CL1_1_3_D,CL1_1_3,200,57796,869,39625,219475,52,52,53,53,0,3600.23
N3C2W2_CL1_1_3_E,CL1_1_3,200,1,0,1465,142,54,55,55,55,1,0.70
N3C2W2_CL1_1_5_A,CL1_1_5,200,7043,224,46404,51493,35,35,36,35,1,2029.25
N3C2W2_CL1_1_5_B,CL1_1_5,200,1,0,2095,207,34,34,35,34,1,1.84
N3C2W2_CL1_1_5_C,CL1_1_5,200,1,0,2595,257,34,35,35,35,1,2.88
N3C2W2_CL1_1_5_D,CL1_1_5,200,5690,90,64111,48959,35,35,36,36,0,3600.31
N3C2W2_CL1_1_5_E,CL1_1_5,200,1,0,2007,198,37,37,37,37,1,1.97
N3C2W2_CL2_1_5_A,CL2_1_5,200,1179,141,6681,5110,47,47,48,48,1,328.97
N3C2W2_CL2_1_5_B,CL2_1_5,200,14289,404,23605,69072,46,46,47,47,0,3600.17
N3C2W2_CL2_1_5_C,CL2_1_5,200,1,0,1537,150,47,47,47,47,1,0.88
N3C2W2_CL2_1_5_D,CL2_1_5,200,1,0,1688,165,48,48,48,48,1,0.91
N3C2W2_CL2_1_5_E,CL2_1_5,200,1,0,1529,149,48,49,49,49,1,0.73
N3C2W2_CL2_3_3_A,CL2_3_3,200,1,0,1437,140,47,47,47,47,1,0.83
N3C2W2_CL2_3_3_B,CL2_3_3,200,1,0,1556,152,46,46,46,46,1,0.83
N3C2W2_CL2_3_3_C,CL2_3_3,200,18141,263,32857,81512,46,46,47,47,0,3600.25
N3C2W2_CL2_3_3_D,CL2_3_3,200,1,0,1417,138,47,47,47,47,1,0.83
N3C2W2_CL2_3_3_E,CL2_3_3,200,41151,735,41179,170968,48,48,49,49,0,3600.23
N3C2W2_CL2_3_4_A,CL2_3_4,200,1,0,1672,164,41,41,42,41,1,0.94
N3C2W2_CL2_3_4_B,CL2_3_4,200,1,0,1710,168,40,40,40,40,1,1.14
N3C2W2_CL2_3_4_C,CL2_3_4,200,1,0,2021,199,40,41,41,41,1,1.64
N3C2W2_CL2_3_4_D,CL2_3_4,200,33457,351,43052,148995,41,41,42,42,0,3600.36
N3C2W2_CL2_3_4_E,CL2_3_4,200,22642,360,42251,113140,42,42,43,43,0,3600.32
N3C2W4_CL1_1_3_A,CL1_1_3,200,1,0,1495,146,54,54,55,54,1,0.81
N3C2W4_CL1_1_3_B,CL1_1_3,200,1,0,1424,138,53,54,54,54,1,0.78
N3C2W4_CL1_1_3_C,CL1_1_3,200,1,467,1441,1427,58,58,59,58,1,6.72
N3C2W4_CL1_1_3_D,CL1_1_3,200,1,0,1475,143,54,55,55,55,1,0.66
N3C2W4_CL1_1_3_E,CL1_1_3,200,1,0,1363,132,53,53,53,53,1,0.63
N3C2W4_CL1_1_5_A,CL1_1_5,200,1,0,2678,269,36,37,37,37,1,5.97
N3C2W4_CL1_1_5_B,CL1_1_5,200,4,376,2349,1895,36,36,37,36,1,22.32
N3C2W4_CL1_1_5_C,CL1_1_5,200,14712,408,39251,81514,39,39,40,40,0,3600.40
N3C2W4_CL1_1_5_D,CL1_1_5,200,1,0,2097,207,37,37,37,37,1,2.09
N3C2W4_CL1_1_5_E,CL1_1_5,200,1,0,2256,223,36,36,36,36,1,2.86
N3C2W4_CL2_1_5_A,CL2_1_5,200,1,0,1449,141,48,49,49,49,1,0.79
N3C2W4_CL2_1_5_B,CL2_1_5,200,1,0,1489,145,48,49,49,49,1,0.73
N3C2W4_CL2_1_5_C,CL2_1_5,200,1,0,1391,135,51,51,51,51,1,0.75
N3C2W4_CL2_1_5_D,CL2_1_5,200,1,0,1489,145,49,49,49,49,1,0.86
N3C2W4_CL2_1_5_E,CL2_1_5,200,1,220,1645,958,48,48,49,48,1,4.44
N3C2W4_CL2_3_3_A,CL2_3_3,200,1,869,1685,2839,48,48,49,48,1,14.27
N3C2W4_CL2_3_3_B,CL2_3_3,200,1,0,1448,141,48,48,48,48,1,0.86
N3C2W4_CL2_3_3_C,CL2_3_3,200,51033,825,35728,189907,50,50,51,51,0,3600.20
N3C2W4_CL2_3_3_D,CL2_3_3,200,19212,396,26485,83761,48,48,49,49,0,3600.20
N3C2W4_CL2_3_3_E,CL2_3_3,200,1,0,1508,147,47,48,48,48,1,0.80
N3C2W4_CL2_3_4_A,CL2_3_4,200,1,0,1513,148,42,42,43,42,1,0.95
N3C2W4_CL2_3_4_B,CL2_3_4,200,1,0,1683,165,42,42,43,42,1,1.16
N3C2W4_CL2_3_4_C,CL2_3_4,200,1,0,1554,152,44,44,44,44,1,0.98
N3C2W4_CL2_3_4_D,CL2_3_4,200,25954,447,40256,133694,42,42,43,43,0,3600.32
N3C2W4_CL2_3_4_E,CL2_3_4,200,1,0,1842,181,41,42,42,42,1,1.26
N3C3W1_CL1_1_3_A,CL1_1_3,200,1,0,2115,209,35,35,35,35,1,1.62
N3C3W1_CL1_1_3_B,CL1_1_3,200,1,0,2658,263,38,38,38,38,1,3.53
N3C3W1_CL1_1_3_C,CL1_1_3,200,1,0,2837,281,37,37,37,37,1,3.50
N3C3W1_CL1_1_3_D,CL1_1_3,200,1,0,2584,256,34,34,34,34,1,3.48
N3C3W1_CL1_1_3_E,CL1_1_3,200,10515,318,55857,74753,36,36,37,37,0,3600.46
N3C3W1_CL1_1_5_A,CL1_1_5,200,1,0,4374,436,24,24,24,24,1,14.70
N3C3W1_CL1_1_5_B,CL1_1_5,200,1,0,3746,373,26,26,26,26,1,6.19
N3C3W1_CL1_1_5_C,CL1_1_5,200,1,0,3405,339,25,25,25,25,1,7.19
N3C3W1_CL1_1_5_D,CL1_1_5,200,1,0,4323,431,23,23,23,23,1,17.02
N3C3W1_CL1_1_5_E,CL1_1_5,200,1,0,4465,445,25,25,25,25,1,19.38
N3C3W1_CL2_1_5_A,CL2_1_5,200,1,0,2306,228,36,36,36,36,1,1.81
N3C3W1_CL2_1_5_B,CL2_1_5,200,1,0,2068,204,38,38,38,38,1,1.64
N3C3W1_CL2_1_5_C,CL2_1_5,200,1,0,1847,182,37,37,37,37,1,1.19
N3C3W1_CL2_1_5_D,CL2_1_5,200,1,0,1976,195,35,35,36,35,1,1.20
N3C3W1_CL2_1_5_E,CL2_1_5,200,8092,40,52543,55617,36,36,37,37,0,3600.36
N3C3W1_CL2_3_3_A,CL2_3_3,200,1,0,2225,220,35,35,35,35,1,1.75
N3C3W1_CL2_3_3_B,CL2_3_3,200,1,0,2360,235,38,38,38,38,1,2.28
N3C3W1_CL2_3_3_C,CL2_3_3,200,15700,450,51906,97678,36,36,37,37,0,3600.48
N3C3W1_CL2_3_3_D,CL2_3_3,200,13932,456,53784,87174,34,34,35,35,0,3600.54
N3C3W1_CL2_3_3_E,CL2_3_3,200,1,0,2526,250,36,36,36,36,1,3.04
N3C3W1_CL2_3_4_A,CL2_3_4,200,1,0,2691,267,31,31,31,31,1,2.89
N3C3W1_CL2_3_4_B,CL2_3_4,200,1,0,2313,229,33,33,33,33,1,2.21
N3C3W1_CL2_3_4_C,CL2_3_4,200,1,0,2412,239,32,32,32,32,1,2.12
N3C3W1_CL2_3_4_D,CL2_3_4,200,1,0,2391,237,30,30,31,30,1,2.77
N3C3W1_CL2_3_4_E,CL2_3_4,200,1,0,3190,323,32,31,32,32,1,5.36
N3C3W2_CL1_1_3_A,CL1_1_3,200,1,0,1944,191,43,44,44,44,1,1.33
N3C3W2_CL1_1_3_B,CL1_1_3,200,13482,451,36865,82252,42,42,43,43,0,3600.36
N3C3W2_CL1_1_3_C,CL1_1_3,200,9219,222,41600,59953,42,42,43,43,0,3600.29
N3C3W2_CL1_1_3_D,CL1_1_3,200,1,0,1801,177,41,41,41,41,1,1.62
N3C3W2_CL1_1_3_E,CL1_1_3,200,1,0,1831,180,41,41,41,41,1,1.54
N3C3W2_CL1_1_5_A,CL1_1_5,200,1,0,2689,267,29,29,29,29,1,6.24
N3C3W2_CL1_1_5_B,CL1_1_5,200,1,0,2169,215,28,28,29,28,1,2.58
N3C3W2_CL1_1_5_C,CL1_1_5,200,2026,92,64423,24450,28,28,29,29,0,3600.58
N3C3W2_CL1_1_5_D,CL1_1_5,200,422,93,31485,6107,27,27,28,28,0,3600.67
N3C3W2_CL1_1_5_E,CL1_1_5,200,3909,150,86105,42682,27,27,28,28,0,3600.63
N3C3W2_CL2_1_5_A,CL2_1_5,200,1,0,1724,169,43,43,44,43,1,1.02
N3C3W2_CL2_1_5_B,CL2_1_5,200,1,0,1913,188,42,43,43,43,1,1.22
N3C3W2_CL2_1_5_C,CL2_1_5,200,1,0,1983,195,42,43,43,43,1,1.36
N3C3W2_CL2_1_5_D,CL2_1_5,200,1,0,1872,184,42,42,42,42,1,1.69
N3C3W2_CL2_1_5_E,CL2_1_5,200,1,0,1822,179,41,42,42,42,1,1.28
N3C3W2_CL2_3_3_A,CL2_3_3,200,47792,610,38635,219382,42,42,43,43,0,3600.32
N3C3W2_CL2_3_3_B,CL2_3_3,200,1,0,2019,201,41,42,42,42,1,1.92
N3C3W2_CL2_3_3_C,CL2_3_3,200,11819,247,48290,73527,41,41,42,42,0,3600.29
N3C3W2_CL2_3_3_D,CL2_3_3,200,1,0,1761,173,40,41,41,41,1,1.25
N3C3W2_CL2_3_3_E,CL2_3_3,200,1,0,2055,205,40,41,41,41,1,2.00
N3C3W2_CL2_3_4_A,CL2_3_4,200,1,0,2107,208,37,37,37,37,1,1.78
N3C3W2_CL2_3_4_B,CL2_3_4,200,12211,304,46930,83836,36,36,37,37,0,3600.45
N3C3W2_CL2_3_4_C,CL2_3_4,200,11414,223,49199,77842,36,36,37,37,0,3600.44
N3C3W2_CL2_3_4_D,CL2_3_4,200,1,0,2356,233,35,36,36,36,1,2.11
N3C3W2_CL2_3_4_E,CL2_3_4,200,1,0,2502,251,35,36,36,36,1,3.75
N3C3W4_CL1_1_3_A,CL1_1_3,200,1,0,1762,174,46,46,47,46,1,1.34
N3C3W4_CL1_1_3_B,CL1_1_3,200,10959,158,32708,61220,45,45,46,46,0,3600.05
N3C3W4_CL1_1_3_C,CL1_1_3,200,1,0,1696,166,46,46,46,46,1,1.08
N3C3W4_CL1_1_3_D,CL1_1_3,200,12544,320,31244,67348,45,45,46,46,0,3600.20
N3C3W4_CL1_1_3_E,CL1_1_3,200,2621,57,16640,15885,44,44,45,45,1,878.77
N3C3W4_CL1_1_5_A,CL1_1_5,200,1,0,2531,251,31,31,31,31,1,3.20
N3C3W4_CL1_1_5_B,CL1_1_5,200,9234,288,41564,63639,30,30,31,31,0,3600.68
N3C3W4_CL1_1_5_C,CL1_1_5,200,1,0,2870,285,30,31,31,31,1,3.63
N3C3W4_CL1_1_5_D,CL1_1_5,200,1,231,2719,1763,30,30,31,30,1,22.51
N3C3W4_CL1_1_5_E,CL1_1_5,200,1,0,2600,258,30,30,30,30,1,3.38
N3C3W4_CL2_1_5_A,CL2_1_5,200,1,0,1815,178,44,45,45,45,1,1.22
N3C3W4_CL2_1_5_B,CL2_1_5,200,15751,336,31390,77343,44,44,45,45,0,3600.25
N3C3W4_CL2_1_5_C,CL2_1_5,200,1,0,1944,193,44,45,45,45,1,1.63
N3C3W4_CL2_1_5_D,CL2_1_5,200,38823,537,36349,154737,44,44,45,45,0,3600.30
N3C3W4_CL2_1_5_E,CL2_1_5,200,1,0,1634,160,43,44,44,44,1,1.09
N3C3W4_CL2_3_3_A,CL2_3_3,200,1,0,1654,162,43,44,44,44,1,1.09
N3C3W4_CL2_3_3_B,CL2_3_3,200,1,383,1875,1461,43,43,44,43,1,9.24
N3C3W4_CL2_3_3_C,CL2_3_3,200,1,0,1938,194,43,44,44,44,1,1.84
N3C3W4_CL2_3_3_D,CL2_3_3,200,2,631,1931,2483,43,43,44,43,1,15.64
N3C3W4_CL2_3_3_E,CL2_3_3,200,1,0,1733,170,43,43,43,43,1,1.27
N3C3W4_CL2_3_4_A,CL2_3_4,200,1,0,1779,175,38,38,39,38,1,1.38
N3C3W4_CL2_3_4_B,CL2_3_4,200,1,0,2088,206,37,38,38,38,1,1.70
N3C3W4_CL2_3_4_C,CL2_3_4,200,1,0,1848,182,38,38,38,38,1,1.63
N3C3W4_CL2_3_4_D,CL2_3_4,200,1,0,1948,192,38,38,38,38,1,1.42
N3C3W4_CL2_3_4_E,CL2_3_4,200,17002,355,28651,90888,37,37,38,38,0,3600.40
